#
# TABLE STRUCTURE FOR: albums_photos
#

DROP TABLE IF EXISTS `albums_photos`;

CREATE TABLE `albums_photos` (
  `photo_album_id` int(10) unsigned NOT NULL,
  `media_id` int(10) unsigned NOT NULL,
  KEY `albums_photos_photo_album_id_fk` (`photo_album_id`),
  KEY `albums_photos_media_id_fk` (`media_id`),
  CONSTRAINT `albums_photos_media_id_fk` FOREIGN KEY (`media_id`) REFERENCES `media` (`id`),
  CONSTRAINT `albums_photos_photo_album_id_fk` FOREIGN KEY (`photo_album_id`) REFERENCES `photo_albums` (`id`)
) ENGINE=InnoDB DEFAULT CHARSET=utf8 COLLATE=utf8_unicode_ci;

INSERT INTO `albums_photos` (`photo_album_id`, `media_id`) VALUES (1, 1);
INSERT INTO `albums_photos` (`photo_album_id`, `media_id`) VALUES (2, 2);
INSERT INTO `albums_photos` (`photo_album_id`, `media_id`) VALUES (3, 3);
INSERT INTO `albums_photos` (`photo_album_id`, `media_id`) VALUES (4, 4);
INSERT INTO `albums_photos` (`photo_album_id`, `media_id`) VALUES (5, 5);
INSERT INTO `albums_photos` (`photo_album_id`, `media_id`) VALUES (6, 6);
INSERT INTO `albums_photos` (`photo_album_id`, `media_id`) VALUES (7, 7);
INSERT INTO `albums_photos` (`photo_album_id`, `media_id`) VALUES (8, 8);
INSERT INTO `albums_photos` (`photo_album_id`, `media_id`) VALUES (9, 9);
INSERT INTO `albums_photos` (`photo_album_id`, `media_id`) VALUES (10, 10);
INSERT INTO `albums_photos` (`photo_album_id`, `media_id`) VALUES (11, 11);
INSERT INTO `albums_photos` (`photo_album_id`, `media_id`) VALUES (12, 12);
INSERT INTO `albums_photos` (`photo_album_id`, `media_id`) VALUES (13, 13);
INSERT INTO `albums_photos` (`photo_album_id`, `media_id`) VALUES (14, 14);
INSERT INTO `albums_photos` (`photo_album_id`, `media_id`) VALUES (15, 15);
INSERT INTO `albums_photos` (`photo_album_id`, `media_id`) VALUES (16, 16);
INSERT INTO `albums_photos` (`photo_album_id`, `media_id`) VALUES (17, 17);
INSERT INTO `albums_photos` (`photo_album_id`, `media_id`) VALUES (18, 18);
INSERT INTO `albums_photos` (`photo_album_id`, `media_id`) VALUES (19, 19);
INSERT INTO `albums_photos` (`photo_album_id`, `media_id`) VALUES (20, 20);
INSERT INTO `albums_photos` (`photo_album_id`, `media_id`) VALUES (1, 21);
INSERT INTO `albums_photos` (`photo_album_id`, `media_id`) VALUES (2, 22);
INSERT INTO `albums_photos` (`photo_album_id`, `media_id`) VALUES (3, 23);
INSERT INTO `albums_photos` (`photo_album_id`, `media_id`) VALUES (4, 24);
INSERT INTO `albums_photos` (`photo_album_id`, `media_id`) VALUES (5, 25);
INSERT INTO `albums_photos` (`photo_album_id`, `media_id`) VALUES (6, 26);
INSERT INTO `albums_photos` (`photo_album_id`, `media_id`) VALUES (7, 27);
INSERT INTO `albums_photos` (`photo_album_id`, `media_id`) VALUES (8, 28);
INSERT INTO `albums_photos` (`photo_album_id`, `media_id`) VALUES (9, 29);
INSERT INTO `albums_photos` (`photo_album_id`, `media_id`) VALUES (10, 30);
INSERT INTO `albums_photos` (`photo_album_id`, `media_id`) VALUES (11, 31);
INSERT INTO `albums_photos` (`photo_album_id`, `media_id`) VALUES (12, 32);
INSERT INTO `albums_photos` (`photo_album_id`, `media_id`) VALUES (13, 33);
INSERT INTO `albums_photos` (`photo_album_id`, `media_id`) VALUES (14, 34);
INSERT INTO `albums_photos` (`photo_album_id`, `media_id`) VALUES (15, 35);
INSERT INTO `albums_photos` (`photo_album_id`, `media_id`) VALUES (16, 36);
INSERT INTO `albums_photos` (`photo_album_id`, `media_id`) VALUES (17, 37);
INSERT INTO `albums_photos` (`photo_album_id`, `media_id`) VALUES (18, 38);
INSERT INTO `albums_photos` (`photo_album_id`, `media_id`) VALUES (19, 39);
INSERT INTO `albums_photos` (`photo_album_id`, `media_id`) VALUES (20, 40);
INSERT INTO `albums_photos` (`photo_album_id`, `media_id`) VALUES (1, 41);
INSERT INTO `albums_photos` (`photo_album_id`, `media_id`) VALUES (2, 42);
INSERT INTO `albums_photos` (`photo_album_id`, `media_id`) VALUES (3, 43);
INSERT INTO `albums_photos` (`photo_album_id`, `media_id`) VALUES (4, 44);
INSERT INTO `albums_photos` (`photo_album_id`, `media_id`) VALUES (5, 45);
INSERT INTO `albums_photos` (`photo_album_id`, `media_id`) VALUES (6, 46);
INSERT INTO `albums_photos` (`photo_album_id`, `media_id`) VALUES (7, 47);
INSERT INTO `albums_photos` (`photo_album_id`, `media_id`) VALUES (8, 48);
INSERT INTO `albums_photos` (`photo_album_id`, `media_id`) VALUES (9, 49);
INSERT INTO `albums_photos` (`photo_album_id`, `media_id`) VALUES (10, 50);
INSERT INTO `albums_photos` (`photo_album_id`, `media_id`) VALUES (11, 51);
INSERT INTO `albums_photos` (`photo_album_id`, `media_id`) VALUES (12, 52);
INSERT INTO `albums_photos` (`photo_album_id`, `media_id`) VALUES (13, 53);
INSERT INTO `albums_photos` (`photo_album_id`, `media_id`) VALUES (14, 54);
INSERT INTO `albums_photos` (`photo_album_id`, `media_id`) VALUES (15, 55);
INSERT INTO `albums_photos` (`photo_album_id`, `media_id`) VALUES (16, 56);
INSERT INTO `albums_photos` (`photo_album_id`, `media_id`) VALUES (17, 57);
INSERT INTO `albums_photos` (`photo_album_id`, `media_id`) VALUES (18, 58);
INSERT INTO `albums_photos` (`photo_album_id`, `media_id`) VALUES (19, 59);
INSERT INTO `albums_photos` (`photo_album_id`, `media_id`) VALUES (20, 60);
INSERT INTO `albums_photos` (`photo_album_id`, `media_id`) VALUES (1, 61);
INSERT INTO `albums_photos` (`photo_album_id`, `media_id`) VALUES (2, 62);
INSERT INTO `albums_photos` (`photo_album_id`, `media_id`) VALUES (3, 63);
INSERT INTO `albums_photos` (`photo_album_id`, `media_id`) VALUES (4, 64);
INSERT INTO `albums_photos` (`photo_album_id`, `media_id`) VALUES (5, 65);
INSERT INTO `albums_photos` (`photo_album_id`, `media_id`) VALUES (6, 66);
INSERT INTO `albums_photos` (`photo_album_id`, `media_id`) VALUES (7, 67);
INSERT INTO `albums_photos` (`photo_album_id`, `media_id`) VALUES (8, 68);
INSERT INTO `albums_photos` (`photo_album_id`, `media_id`) VALUES (9, 69);
INSERT INTO `albums_photos` (`photo_album_id`, `media_id`) VALUES (10, 70);
INSERT INTO `albums_photos` (`photo_album_id`, `media_id`) VALUES (11, 71);
INSERT INTO `albums_photos` (`photo_album_id`, `media_id`) VALUES (12, 72);
INSERT INTO `albums_photos` (`photo_album_id`, `media_id`) VALUES (13, 73);
INSERT INTO `albums_photos` (`photo_album_id`, `media_id`) VALUES (14, 74);
INSERT INTO `albums_photos` (`photo_album_id`, `media_id`) VALUES (15, 75);
INSERT INTO `albums_photos` (`photo_album_id`, `media_id`) VALUES (16, 76);
INSERT INTO `albums_photos` (`photo_album_id`, `media_id`) VALUES (17, 77);
INSERT INTO `albums_photos` (`photo_album_id`, `media_id`) VALUES (18, 78);
INSERT INTO `albums_photos` (`photo_album_id`, `media_id`) VALUES (19, 79);
INSERT INTO `albums_photos` (`photo_album_id`, `media_id`) VALUES (20, 80);
INSERT INTO `albums_photos` (`photo_album_id`, `media_id`) VALUES (1, 81);
INSERT INTO `albums_photos` (`photo_album_id`, `media_id`) VALUES (2, 82);
INSERT INTO `albums_photos` (`photo_album_id`, `media_id`) VALUES (3, 83);
INSERT INTO `albums_photos` (`photo_album_id`, `media_id`) VALUES (4, 84);
INSERT INTO `albums_photos` (`photo_album_id`, `media_id`) VALUES (5, 85);
INSERT INTO `albums_photos` (`photo_album_id`, `media_id`) VALUES (6, 86);
INSERT INTO `albums_photos` (`photo_album_id`, `media_id`) VALUES (7, 87);
INSERT INTO `albums_photos` (`photo_album_id`, `media_id`) VALUES (8, 88);
INSERT INTO `albums_photos` (`photo_album_id`, `media_id`) VALUES (9, 89);
INSERT INTO `albums_photos` (`photo_album_id`, `media_id`) VALUES (10, 90);
INSERT INTO `albums_photos` (`photo_album_id`, `media_id`) VALUES (11, 91);
INSERT INTO `albums_photos` (`photo_album_id`, `media_id`) VALUES (12, 92);
INSERT INTO `albums_photos` (`photo_album_id`, `media_id`) VALUES (13, 93);
INSERT INTO `albums_photos` (`photo_album_id`, `media_id`) VALUES (14, 94);
INSERT INTO `albums_photos` (`photo_album_id`, `media_id`) VALUES (15, 95);
INSERT INTO `albums_photos` (`photo_album_id`, `media_id`) VALUES (16, 96);
INSERT INTO `albums_photos` (`photo_album_id`, `media_id`) VALUES (17, 97);
INSERT INTO `albums_photos` (`photo_album_id`, `media_id`) VALUES (18, 98);
INSERT INTO `albums_photos` (`photo_album_id`, `media_id`) VALUES (19, 99);
INSERT INTO `albums_photos` (`photo_album_id`, `media_id`) VALUES (20, 100);


#
# TABLE STRUCTURE FOR: communities
#

DROP TABLE IF EXISTS `communities`;

CREATE TABLE `communities` (
  `id` int(10) unsigned NOT NULL AUTO_INCREMENT,
  `name` varchar(150) COLLATE utf8_unicode_ci NOT NULL,
  PRIMARY KEY (`id`),
  UNIQUE KEY `name` (`name`),
  KEY `communities_name_idx` (`name`)
) ENGINE=InnoDB AUTO_INCREMENT=51 DEFAULT CHARSET=utf8 COLLATE=utf8_unicode_ci;

INSERT INTO `communities` (`id`, `name`) VALUES (38, 'aliquid');
INSERT INTO `communities` (`id`, `name`) VALUES (30, 'atque');
INSERT INTO `communities` (`id`, `name`) VALUES (15, 'aut');
INSERT INTO `communities` (`id`, `name`) VALUES (32, 'beatae');
INSERT INTO `communities` (`id`, `name`) VALUES (13, 'cumque');
INSERT INTO `communities` (`id`, `name`) VALUES (40, 'cupiditate');
INSERT INTO `communities` (`id`, `name`) VALUES (41, 'dicta');
INSERT INTO `communities` (`id`, `name`) VALUES (9, 'distinctio');
INSERT INTO `communities` (`id`, `name`) VALUES (18, 'dolor');
INSERT INTO `communities` (`id`, `name`) VALUES (37, 'ea');
INSERT INTO `communities` (`id`, `name`) VALUES (46, 'earum');
INSERT INTO `communities` (`id`, `name`) VALUES (29, 'enim');
INSERT INTO `communities` (`id`, `name`) VALUES (19, 'est');
INSERT INTO `communities` (`id`, `name`) VALUES (6, 'et');
INSERT INTO `communities` (`id`, `name`) VALUES (42, 'explicabo');
INSERT INTO `communities` (`id`, `name`) VALUES (16, 'facere');
INSERT INTO `communities` (`id`, `name`) VALUES (23, 'harum');
INSERT INTO `communities` (`id`, `name`) VALUES (22, 'hic');
INSERT INTO `communities` (`id`, `name`) VALUES (49, 'id');
INSERT INTO `communities` (`id`, `name`) VALUES (31, 'magni');
INSERT INTO `communities` (`id`, `name`) VALUES (47, 'maiores');
INSERT INTO `communities` (`id`, `name`) VALUES (4, 'modi');
INSERT INTO `communities` (`id`, `name`) VALUES (17, 'molestiae');
INSERT INTO `communities` (`id`, `name`) VALUES (44, 'natus');
INSERT INTO `communities` (`id`, `name`) VALUES (3, 'necessitatibus');
INSERT INTO `communities` (`id`, `name`) VALUES (45, 'nemo');
INSERT INTO `communities` (`id`, `name`) VALUES (27, 'nisi');
INSERT INTO `communities` (`id`, `name`) VALUES (5, 'nobis');
INSERT INTO `communities` (`id`, `name`) VALUES (7, 'non');
INSERT INTO `communities` (`id`, `name`) VALUES (25, 'numquam');
INSERT INTO `communities` (`id`, `name`) VALUES (21, 'omnis');
INSERT INTO `communities` (`id`, `name`) VALUES (26, 'optio');
INSERT INTO `communities` (`id`, `name`) VALUES (35, 'pariatur');
INSERT INTO `communities` (`id`, `name`) VALUES (20, 'perspiciatis');
INSERT INTO `communities` (`id`, `name`) VALUES (50, 'quae');
INSERT INTO `communities` (`id`, `name`) VALUES (2, 'quaerat');
INSERT INTO `communities` (`id`, `name`) VALUES (36, 'quas');
INSERT INTO `communities` (`id`, `name`) VALUES (11, 'qui');
INSERT INTO `communities` (`id`, `name`) VALUES (39, 'quibusdam');
INSERT INTO `communities` (`id`, `name`) VALUES (34, 'recusandae');
INSERT INTO `communities` (`id`, `name`) VALUES (1, 'rerum');
INSERT INTO `communities` (`id`, `name`) VALUES (28, 'sit');
INSERT INTO `communities` (`id`, `name`) VALUES (8, 'soluta');
INSERT INTO `communities` (`id`, `name`) VALUES (43, 'temporibus');
INSERT INTO `communities` (`id`, `name`) VALUES (14, 'ullam');
INSERT INTO `communities` (`id`, `name`) VALUES (24, 'ut');
INSERT INTO `communities` (`id`, `name`) VALUES (12, 'vel');
INSERT INTO `communities` (`id`, `name`) VALUES (48, 'veritatis');
INSERT INTO `communities` (`id`, `name`) VALUES (10, 'voluptate');
INSERT INTO `communities` (`id`, `name`) VALUES (33, 'voluptatem');


#
# TABLE STRUCTURE FOR: communities_users
#

DROP TABLE IF EXISTS `communities_users`;

CREATE TABLE `communities_users` (
  `community_id` int(10) unsigned NOT NULL,
  `user_id` int(10) unsigned NOT NULL,
  PRIMARY KEY (`community_id`,`user_id`),
  KEY `communities_user_id_fk` (`user_id`),
  CONSTRAINT `communities_community_id_fk` FOREIGN KEY (`community_id`) REFERENCES `communities` (`id`),
  CONSTRAINT `communities_user_id_fk` FOREIGN KEY (`user_id`) REFERENCES `users` (`id`)
) ENGINE=InnoDB DEFAULT CHARSET=utf8 COLLATE=utf8_unicode_ci;

INSERT INTO `communities_users` (`community_id`, `user_id`) VALUES (1, 1);
INSERT INTO `communities_users` (`community_id`, `user_id`) VALUES (1, 51);
INSERT INTO `communities_users` (`community_id`, `user_id`) VALUES (2, 2);
INSERT INTO `communities_users` (`community_id`, `user_id`) VALUES (2, 52);
INSERT INTO `communities_users` (`community_id`, `user_id`) VALUES (3, 3);
INSERT INTO `communities_users` (`community_id`, `user_id`) VALUES (3, 53);
INSERT INTO `communities_users` (`community_id`, `user_id`) VALUES (4, 4);
INSERT INTO `communities_users` (`community_id`, `user_id`) VALUES (4, 54);
INSERT INTO `communities_users` (`community_id`, `user_id`) VALUES (5, 5);
INSERT INTO `communities_users` (`community_id`, `user_id`) VALUES (5, 55);
INSERT INTO `communities_users` (`community_id`, `user_id`) VALUES (6, 6);
INSERT INTO `communities_users` (`community_id`, `user_id`) VALUES (6, 56);
INSERT INTO `communities_users` (`community_id`, `user_id`) VALUES (7, 7);
INSERT INTO `communities_users` (`community_id`, `user_id`) VALUES (7, 57);
INSERT INTO `communities_users` (`community_id`, `user_id`) VALUES (8, 8);
INSERT INTO `communities_users` (`community_id`, `user_id`) VALUES (8, 58);
INSERT INTO `communities_users` (`community_id`, `user_id`) VALUES (9, 9);
INSERT INTO `communities_users` (`community_id`, `user_id`) VALUES (9, 59);
INSERT INTO `communities_users` (`community_id`, `user_id`) VALUES (10, 10);
INSERT INTO `communities_users` (`community_id`, `user_id`) VALUES (10, 60);
INSERT INTO `communities_users` (`community_id`, `user_id`) VALUES (11, 11);
INSERT INTO `communities_users` (`community_id`, `user_id`) VALUES (11, 61);
INSERT INTO `communities_users` (`community_id`, `user_id`) VALUES (12, 12);
INSERT INTO `communities_users` (`community_id`, `user_id`) VALUES (12, 62);
INSERT INTO `communities_users` (`community_id`, `user_id`) VALUES (13, 13);
INSERT INTO `communities_users` (`community_id`, `user_id`) VALUES (13, 63);
INSERT INTO `communities_users` (`community_id`, `user_id`) VALUES (14, 14);
INSERT INTO `communities_users` (`community_id`, `user_id`) VALUES (14, 64);
INSERT INTO `communities_users` (`community_id`, `user_id`) VALUES (15, 15);
INSERT INTO `communities_users` (`community_id`, `user_id`) VALUES (15, 65);
INSERT INTO `communities_users` (`community_id`, `user_id`) VALUES (16, 16);
INSERT INTO `communities_users` (`community_id`, `user_id`) VALUES (16, 66);
INSERT INTO `communities_users` (`community_id`, `user_id`) VALUES (17, 17);
INSERT INTO `communities_users` (`community_id`, `user_id`) VALUES (17, 67);
INSERT INTO `communities_users` (`community_id`, `user_id`) VALUES (18, 18);
INSERT INTO `communities_users` (`community_id`, `user_id`) VALUES (18, 68);
INSERT INTO `communities_users` (`community_id`, `user_id`) VALUES (19, 19);
INSERT INTO `communities_users` (`community_id`, `user_id`) VALUES (19, 69);
INSERT INTO `communities_users` (`community_id`, `user_id`) VALUES (20, 20);
INSERT INTO `communities_users` (`community_id`, `user_id`) VALUES (20, 70);
INSERT INTO `communities_users` (`community_id`, `user_id`) VALUES (21, 21);
INSERT INTO `communities_users` (`community_id`, `user_id`) VALUES (21, 71);
INSERT INTO `communities_users` (`community_id`, `user_id`) VALUES (22, 22);
INSERT INTO `communities_users` (`community_id`, `user_id`) VALUES (22, 72);
INSERT INTO `communities_users` (`community_id`, `user_id`) VALUES (23, 23);
INSERT INTO `communities_users` (`community_id`, `user_id`) VALUES (23, 73);
INSERT INTO `communities_users` (`community_id`, `user_id`) VALUES (24, 24);
INSERT INTO `communities_users` (`community_id`, `user_id`) VALUES (24, 74);
INSERT INTO `communities_users` (`community_id`, `user_id`) VALUES (25, 25);
INSERT INTO `communities_users` (`community_id`, `user_id`) VALUES (25, 75);
INSERT INTO `communities_users` (`community_id`, `user_id`) VALUES (26, 26);
INSERT INTO `communities_users` (`community_id`, `user_id`) VALUES (26, 76);
INSERT INTO `communities_users` (`community_id`, `user_id`) VALUES (27, 27);
INSERT INTO `communities_users` (`community_id`, `user_id`) VALUES (27, 77);
INSERT INTO `communities_users` (`community_id`, `user_id`) VALUES (28, 28);
INSERT INTO `communities_users` (`community_id`, `user_id`) VALUES (28, 78);
INSERT INTO `communities_users` (`community_id`, `user_id`) VALUES (29, 29);
INSERT INTO `communities_users` (`community_id`, `user_id`) VALUES (29, 79);
INSERT INTO `communities_users` (`community_id`, `user_id`) VALUES (30, 30);
INSERT INTO `communities_users` (`community_id`, `user_id`) VALUES (30, 80);
INSERT INTO `communities_users` (`community_id`, `user_id`) VALUES (31, 31);
INSERT INTO `communities_users` (`community_id`, `user_id`) VALUES (31, 81);
INSERT INTO `communities_users` (`community_id`, `user_id`) VALUES (32, 32);
INSERT INTO `communities_users` (`community_id`, `user_id`) VALUES (32, 82);
INSERT INTO `communities_users` (`community_id`, `user_id`) VALUES (33, 33);
INSERT INTO `communities_users` (`community_id`, `user_id`) VALUES (33, 83);
INSERT INTO `communities_users` (`community_id`, `user_id`) VALUES (34, 34);
INSERT INTO `communities_users` (`community_id`, `user_id`) VALUES (34, 84);
INSERT INTO `communities_users` (`community_id`, `user_id`) VALUES (35, 35);
INSERT INTO `communities_users` (`community_id`, `user_id`) VALUES (35, 85);
INSERT INTO `communities_users` (`community_id`, `user_id`) VALUES (36, 36);
INSERT INTO `communities_users` (`community_id`, `user_id`) VALUES (36, 86);
INSERT INTO `communities_users` (`community_id`, `user_id`) VALUES (37, 37);
INSERT INTO `communities_users` (`community_id`, `user_id`) VALUES (37, 87);
INSERT INTO `communities_users` (`community_id`, `user_id`) VALUES (38, 38);
INSERT INTO `communities_users` (`community_id`, `user_id`) VALUES (38, 88);
INSERT INTO `communities_users` (`community_id`, `user_id`) VALUES (39, 39);
INSERT INTO `communities_users` (`community_id`, `user_id`) VALUES (39, 89);
INSERT INTO `communities_users` (`community_id`, `user_id`) VALUES (40, 40);
INSERT INTO `communities_users` (`community_id`, `user_id`) VALUES (40, 90);
INSERT INTO `communities_users` (`community_id`, `user_id`) VALUES (41, 41);
INSERT INTO `communities_users` (`community_id`, `user_id`) VALUES (41, 91);
INSERT INTO `communities_users` (`community_id`, `user_id`) VALUES (42, 42);
INSERT INTO `communities_users` (`community_id`, `user_id`) VALUES (42, 92);
INSERT INTO `communities_users` (`community_id`, `user_id`) VALUES (43, 43);
INSERT INTO `communities_users` (`community_id`, `user_id`) VALUES (43, 93);
INSERT INTO `communities_users` (`community_id`, `user_id`) VALUES (44, 44);
INSERT INTO `communities_users` (`community_id`, `user_id`) VALUES (44, 94);
INSERT INTO `communities_users` (`community_id`, `user_id`) VALUES (45, 45);
INSERT INTO `communities_users` (`community_id`, `user_id`) VALUES (45, 95);
INSERT INTO `communities_users` (`community_id`, `user_id`) VALUES (46, 46);
INSERT INTO `communities_users` (`community_id`, `user_id`) VALUES (46, 96);
INSERT INTO `communities_users` (`community_id`, `user_id`) VALUES (47, 47);
INSERT INTO `communities_users` (`community_id`, `user_id`) VALUES (47, 97);
INSERT INTO `communities_users` (`community_id`, `user_id`) VALUES (48, 48);
INSERT INTO `communities_users` (`community_id`, `user_id`) VALUES (48, 98);
INSERT INTO `communities_users` (`community_id`, `user_id`) VALUES (49, 49);
INSERT INTO `communities_users` (`community_id`, `user_id`) VALUES (49, 99);
INSERT INTO `communities_users` (`community_id`, `user_id`) VALUES (50, 50);
INSERT INTO `communities_users` (`community_id`, `user_id`) VALUES (50, 100);


#
# TABLE STRUCTURE FOR: friendship
#

DROP TABLE IF EXISTS `friendship`;

CREATE TABLE `friendship` (
  `user_id` int(10) unsigned NOT NULL,
  `friend_id` int(10) unsigned NOT NULL,
  `status` varchar(20) COLLATE utf8_unicode_ci NOT NULL,
  `requested_at` datetime DEFAULT current_timestamp(),
  `confirmed_at` datetime DEFAULT NULL,
  PRIMARY KEY (`user_id`,`friend_id`),
  KEY `frienship_user_id_idx` (`user_id`),
  KEY `friendship_friend_id_fk` (`friend_id`),
  CONSTRAINT `friendship_friend_id_fk` FOREIGN KEY (`friend_id`) REFERENCES `users` (`id`),
  CONSTRAINT `friendship_user_id_fk` FOREIGN KEY (`user_id`) REFERENCES `users` (`id`)
) ENGINE=InnoDB DEFAULT CHARSET=utf8 COLLATE=utf8_unicode_ci;

INSERT INTO `friendship` (`user_id`, `friend_id`, `status`, `requested_at`, `confirmed_at`) VALUES (1, 1, 'Molestias cupiditate', '1979-01-18 18:03:19', '1990-02-28 06:17:36');
INSERT INTO `friendship` (`user_id`, `friend_id`, `status`, `requested_at`, `confirmed_at`) VALUES (2, 2, 'Minima pariatur porr', '1978-05-09 15:43:07', '2008-11-15 21:38:56');
INSERT INTO `friendship` (`user_id`, `friend_id`, `status`, `requested_at`, `confirmed_at`) VALUES (3, 3, 'Fugit dolor commodi ', '1971-08-30 12:59:41', '1975-04-24 01:54:57');
INSERT INTO `friendship` (`user_id`, `friend_id`, `status`, `requested_at`, `confirmed_at`) VALUES (4, 4, 'Hic sint et velit pe', '2007-01-31 09:09:28', '1974-03-05 23:50:41');
INSERT INTO `friendship` (`user_id`, `friend_id`, `status`, `requested_at`, `confirmed_at`) VALUES (5, 5, 'Rerum eius recusanda', '2015-11-20 14:44:52', '1972-06-25 07:37:32');
INSERT INTO `friendship` (`user_id`, `friend_id`, `status`, `requested_at`, `confirmed_at`) VALUES (6, 6, 'Distinctio omnis nih', '1994-08-07 00:12:07', '1990-12-15 01:05:24');
INSERT INTO `friendship` (`user_id`, `friend_id`, `status`, `requested_at`, `confirmed_at`) VALUES (7, 7, 'Fuga quis ut accusam', '2016-10-13 05:16:18', '1985-08-23 11:25:08');
INSERT INTO `friendship` (`user_id`, `friend_id`, `status`, `requested_at`, `confirmed_at`) VALUES (8, 8, 'Pariatur culpa est h', '2000-09-18 14:05:46', '2018-10-10 18:41:28');
INSERT INTO `friendship` (`user_id`, `friend_id`, `status`, `requested_at`, `confirmed_at`) VALUES (9, 9, 'Unde quam eum odit q', '1974-07-16 07:23:21', '2018-10-30 09:09:08');
INSERT INTO `friendship` (`user_id`, `friend_id`, `status`, `requested_at`, `confirmed_at`) VALUES (10, 10, 'Debitis vero officii', '1983-09-07 17:26:20', '1981-02-20 01:04:04');
INSERT INTO `friendship` (`user_id`, `friend_id`, `status`, `requested_at`, `confirmed_at`) VALUES (11, 11, 'Fugit officiis quae ', '2004-07-30 04:03:06', '2005-08-15 17:21:56');
INSERT INTO `friendship` (`user_id`, `friend_id`, `status`, `requested_at`, `confirmed_at`) VALUES (12, 12, 'Magnam eos doloribus', '1987-08-25 08:02:11', '2000-10-24 14:30:33');
INSERT INTO `friendship` (`user_id`, `friend_id`, `status`, `requested_at`, `confirmed_at`) VALUES (13, 13, 'Temporibus officiis ', '2017-04-14 18:19:21', '1983-05-08 04:28:06');
INSERT INTO `friendship` (`user_id`, `friend_id`, `status`, `requested_at`, `confirmed_at`) VALUES (14, 14, 'Praesentium porro es', '1970-08-02 00:21:45', '2012-09-22 19:27:18');
INSERT INTO `friendship` (`user_id`, `friend_id`, `status`, `requested_at`, `confirmed_at`) VALUES (15, 15, 'Velit deserunt moles', '1986-02-27 03:52:45', '1982-09-18 02:49:46');
INSERT INTO `friendship` (`user_id`, `friend_id`, `status`, `requested_at`, `confirmed_at`) VALUES (16, 16, 'Et ad doloremque mol', '1980-12-27 21:49:06', '2007-12-25 04:34:24');
INSERT INTO `friendship` (`user_id`, `friend_id`, `status`, `requested_at`, `confirmed_at`) VALUES (17, 17, 'Sint illum nesciunt ', '2002-09-27 00:30:56', '1985-05-11 08:08:08');
INSERT INTO `friendship` (`user_id`, `friend_id`, `status`, `requested_at`, `confirmed_at`) VALUES (18, 18, 'Rerum consectetur re', '1994-03-03 00:43:20', '1977-11-01 15:23:38');
INSERT INTO `friendship` (`user_id`, `friend_id`, `status`, `requested_at`, `confirmed_at`) VALUES (19, 19, 'Est soluta consequun', '2002-10-01 00:44:03', '1987-12-23 00:49:36');
INSERT INTO `friendship` (`user_id`, `friend_id`, `status`, `requested_at`, `confirmed_at`) VALUES (20, 20, 'Voluptatem omnis et ', '2009-01-30 01:21:31', '1994-03-21 15:00:12');
INSERT INTO `friendship` (`user_id`, `friend_id`, `status`, `requested_at`, `confirmed_at`) VALUES (21, 21, 'Omnis voluptas sit i', '2008-07-03 20:03:52', '2017-10-03 00:29:49');
INSERT INTO `friendship` (`user_id`, `friend_id`, `status`, `requested_at`, `confirmed_at`) VALUES (22, 22, 'Quasi dolores consec', '2014-07-24 16:00:16', '2014-08-29 20:41:40');
INSERT INTO `friendship` (`user_id`, `friend_id`, `status`, `requested_at`, `confirmed_at`) VALUES (23, 23, 'Dolorem et esse mole', '2007-11-25 05:04:42', '1995-01-26 05:01:25');
INSERT INTO `friendship` (`user_id`, `friend_id`, `status`, `requested_at`, `confirmed_at`) VALUES (24, 24, 'Et optio sequi asper', '1975-12-14 13:31:09', '2005-01-23 12:58:35');
INSERT INTO `friendship` (`user_id`, `friend_id`, `status`, `requested_at`, `confirmed_at`) VALUES (25, 25, 'Consequatur voluptat', '2014-06-28 22:12:48', '2005-01-18 08:24:04');
INSERT INTO `friendship` (`user_id`, `friend_id`, `status`, `requested_at`, `confirmed_at`) VALUES (26, 26, 'Est repudiandae labo', '1989-04-27 13:00:19', '1998-11-22 02:14:18');
INSERT INTO `friendship` (`user_id`, `friend_id`, `status`, `requested_at`, `confirmed_at`) VALUES (27, 27, 'Quis et ea recusanda', '1988-10-27 17:15:23', '2009-01-12 03:27:37');
INSERT INTO `friendship` (`user_id`, `friend_id`, `status`, `requested_at`, `confirmed_at`) VALUES (28, 28, 'Laboriosam non et do', '1979-01-27 07:44:46', '1972-04-20 22:11:58');
INSERT INTO `friendship` (`user_id`, `friend_id`, `status`, `requested_at`, `confirmed_at`) VALUES (29, 29, 'Nulla iusto voluptat', '1996-12-03 02:58:11', '1986-02-03 12:45:19');
INSERT INTO `friendship` (`user_id`, `friend_id`, `status`, `requested_at`, `confirmed_at`) VALUES (30, 30, 'Nihil ut aperiam vol', '1988-01-27 19:09:09', '2017-12-09 14:19:49');
INSERT INTO `friendship` (`user_id`, `friend_id`, `status`, `requested_at`, `confirmed_at`) VALUES (31, 31, 'Molestiae sed aut cu', '1979-07-31 18:52:28', '1975-02-03 17:29:01');
INSERT INTO `friendship` (`user_id`, `friend_id`, `status`, `requested_at`, `confirmed_at`) VALUES (32, 32, 'Ut sit et cumque id.', '1989-12-05 10:53:05', '2016-02-02 03:02:59');
INSERT INTO `friendship` (`user_id`, `friend_id`, `status`, `requested_at`, `confirmed_at`) VALUES (33, 33, 'Ullam consectetur ma', '1981-03-03 13:15:58', '2018-10-25 20:52:06');
INSERT INTO `friendship` (`user_id`, `friend_id`, `status`, `requested_at`, `confirmed_at`) VALUES (34, 34, 'Non voluptatem repel', '2007-10-14 16:35:58', '1977-04-01 07:36:02');
INSERT INTO `friendship` (`user_id`, `friend_id`, `status`, `requested_at`, `confirmed_at`) VALUES (35, 35, 'Quis distinctio quo ', '1993-12-06 03:36:05', '1990-10-02 18:34:23');
INSERT INTO `friendship` (`user_id`, `friend_id`, `status`, `requested_at`, `confirmed_at`) VALUES (36, 36, 'Accusamus et ut dolo', '1983-10-16 03:28:40', '1997-05-18 05:43:05');
INSERT INTO `friendship` (`user_id`, `friend_id`, `status`, `requested_at`, `confirmed_at`) VALUES (37, 37, 'In ratione qui quas ', '2016-11-01 00:00:10', '1970-10-06 07:21:29');
INSERT INTO `friendship` (`user_id`, `friend_id`, `status`, `requested_at`, `confirmed_at`) VALUES (38, 38, 'Qui eligendi sint qu', '1975-03-21 16:22:05', '1981-11-10 07:14:40');
INSERT INTO `friendship` (`user_id`, `friend_id`, `status`, `requested_at`, `confirmed_at`) VALUES (39, 39, 'In accusamus similiq', '2016-05-12 09:49:36', '1975-12-18 15:35:57');
INSERT INTO `friendship` (`user_id`, `friend_id`, `status`, `requested_at`, `confirmed_at`) VALUES (40, 40, 'Natus quidem quod ut', '1973-07-14 00:42:24', '2012-08-06 21:09:35');
INSERT INTO `friendship` (`user_id`, `friend_id`, `status`, `requested_at`, `confirmed_at`) VALUES (41, 41, 'Aut autem distinctio', '1972-05-28 22:34:17', '1993-05-24 07:43:33');
INSERT INTO `friendship` (`user_id`, `friend_id`, `status`, `requested_at`, `confirmed_at`) VALUES (42, 42, 'Inventore ut soluta ', '1999-06-13 00:55:23', '1974-05-05 10:28:15');
INSERT INTO `friendship` (`user_id`, `friend_id`, `status`, `requested_at`, `confirmed_at`) VALUES (43, 43, 'Aspernatur impedit v', '1996-07-10 23:10:33', '1976-11-13 11:54:00');
INSERT INTO `friendship` (`user_id`, `friend_id`, `status`, `requested_at`, `confirmed_at`) VALUES (44, 44, 'Quidem et iure volup', '1983-08-02 08:56:11', '2015-03-28 18:19:47');
INSERT INTO `friendship` (`user_id`, `friend_id`, `status`, `requested_at`, `confirmed_at`) VALUES (45, 45, 'Autem molestiae ut o', '1990-01-15 05:39:10', '2005-08-02 00:52:07');
INSERT INTO `friendship` (`user_id`, `friend_id`, `status`, `requested_at`, `confirmed_at`) VALUES (46, 46, 'Et autem natus accus', '2017-10-03 13:50:13', '2016-10-23 22:45:10');
INSERT INTO `friendship` (`user_id`, `friend_id`, `status`, `requested_at`, `confirmed_at`) VALUES (47, 47, 'Tenetur iste suscipi', '2010-07-31 00:07:48', '1994-05-01 10:21:10');
INSERT INTO `friendship` (`user_id`, `friend_id`, `status`, `requested_at`, `confirmed_at`) VALUES (48, 48, 'Dolorem quasi volupt', '1990-08-19 17:31:08', '1989-07-20 03:53:08');
INSERT INTO `friendship` (`user_id`, `friend_id`, `status`, `requested_at`, `confirmed_at`) VALUES (49, 49, 'Sequi ullam ut sunt ', '2018-10-31 12:52:21', '2008-03-27 13:40:38');
INSERT INTO `friendship` (`user_id`, `friend_id`, `status`, `requested_at`, `confirmed_at`) VALUES (50, 50, 'Quia aut nesciunt di', '2017-01-05 14:58:53', '2006-11-29 05:22:37');


#
# TABLE STRUCTURE FOR: likes
#

DROP TABLE IF EXISTS `likes`;

CREATE TABLE `likes` (
  `from_user_id` int(10) unsigned NOT NULL,
  `to_subject_id` int(10) unsigned NOT NULL,
  `subject_type_id` int(10) unsigned NOT NULL,
  `created_at` datetime DEFAULT current_timestamp(),
  PRIMARY KEY (`from_user_id`,`to_subject_id`,`subject_type_id`),
  KEY `likes_subject_type_id_fk` (`subject_type_id`),
  CONSTRAINT `likes_from_user_id_fk` FOREIGN KEY (`from_user_id`) REFERENCES `users` (`id`),
  CONSTRAINT `likes_subject_type_id_fk` FOREIGN KEY (`subject_type_id`) REFERENCES `subject_types` (`id`)
) ENGINE=InnoDB DEFAULT CHARSET=utf8 COLLATE=utf8_unicode_ci;

INSERT INTO `likes` (`from_user_id`, `to_subject_id`, `subject_type_id`, `created_at`) VALUES (1, 1, 1, '2014-07-06 02:28:07');
INSERT INTO `likes` (`from_user_id`, `to_subject_id`, `subject_type_id`, `created_at`) VALUES (2, 2, 2, '2010-01-13 16:20:53');
INSERT INTO `likes` (`from_user_id`, `to_subject_id`, `subject_type_id`, `created_at`) VALUES (3, 3, 3, '1991-06-25 02:06:30');
INSERT INTO `likes` (`from_user_id`, `to_subject_id`, `subject_type_id`, `created_at`) VALUES (4, 4, 4, '2010-12-13 09:17:20');
INSERT INTO `likes` (`from_user_id`, `to_subject_id`, `subject_type_id`, `created_at`) VALUES (5, 5, 5, '1989-10-17 07:01:42');
INSERT INTO `likes` (`from_user_id`, `to_subject_id`, `subject_type_id`, `created_at`) VALUES (6, 6, 1, '2005-06-09 11:53:16');
INSERT INTO `likes` (`from_user_id`, `to_subject_id`, `subject_type_id`, `created_at`) VALUES (7, 7, 2, '2017-11-01 09:49:30');
INSERT INTO `likes` (`from_user_id`, `to_subject_id`, `subject_type_id`, `created_at`) VALUES (8, 8, 3, '1989-10-25 01:12:06');
INSERT INTO `likes` (`from_user_id`, `to_subject_id`, `subject_type_id`, `created_at`) VALUES (9, 9, 4, '2008-05-18 03:07:34');
INSERT INTO `likes` (`from_user_id`, `to_subject_id`, `subject_type_id`, `created_at`) VALUES (10, 10, 5, '2007-12-23 06:47:12');
INSERT INTO `likes` (`from_user_id`, `to_subject_id`, `subject_type_id`, `created_at`) VALUES (11, 11, 1, '1980-05-12 07:45:38');
INSERT INTO `likes` (`from_user_id`, `to_subject_id`, `subject_type_id`, `created_at`) VALUES (12, 12, 2, '2011-05-06 10:28:46');
INSERT INTO `likes` (`from_user_id`, `to_subject_id`, `subject_type_id`, `created_at`) VALUES (13, 13, 3, '1979-04-01 00:53:46');
INSERT INTO `likes` (`from_user_id`, `to_subject_id`, `subject_type_id`, `created_at`) VALUES (14, 14, 4, '1995-11-28 09:39:46');
INSERT INTO `likes` (`from_user_id`, `to_subject_id`, `subject_type_id`, `created_at`) VALUES (15, 15, 5, '1992-10-12 12:00:08');
INSERT INTO `likes` (`from_user_id`, `to_subject_id`, `subject_type_id`, `created_at`) VALUES (16, 16, 1, '2000-12-05 21:54:03');
INSERT INTO `likes` (`from_user_id`, `to_subject_id`, `subject_type_id`, `created_at`) VALUES (17, 17, 2, '1973-03-14 01:54:58');
INSERT INTO `likes` (`from_user_id`, `to_subject_id`, `subject_type_id`, `created_at`) VALUES (18, 18, 3, '2015-07-07 00:36:06');
INSERT INTO `likes` (`from_user_id`, `to_subject_id`, `subject_type_id`, `created_at`) VALUES (19, 19, 4, '2009-12-02 14:35:00');
INSERT INTO `likes` (`from_user_id`, `to_subject_id`, `subject_type_id`, `created_at`) VALUES (20, 20, 5, '1993-07-08 06:05:41');
INSERT INTO `likes` (`from_user_id`, `to_subject_id`, `subject_type_id`, `created_at`) VALUES (21, 21, 1, '1976-01-15 16:50:29');
INSERT INTO `likes` (`from_user_id`, `to_subject_id`, `subject_type_id`, `created_at`) VALUES (22, 22, 2, '2013-08-04 00:25:51');
INSERT INTO `likes` (`from_user_id`, `to_subject_id`, `subject_type_id`, `created_at`) VALUES (23, 23, 3, '1971-08-22 08:59:09');
INSERT INTO `likes` (`from_user_id`, `to_subject_id`, `subject_type_id`, `created_at`) VALUES (24, 24, 4, '2015-03-17 12:10:12');
INSERT INTO `likes` (`from_user_id`, `to_subject_id`, `subject_type_id`, `created_at`) VALUES (25, 25, 5, '2000-04-13 12:36:07');
INSERT INTO `likes` (`from_user_id`, `to_subject_id`, `subject_type_id`, `created_at`) VALUES (26, 26, 1, '2013-02-16 16:16:27');
INSERT INTO `likes` (`from_user_id`, `to_subject_id`, `subject_type_id`, `created_at`) VALUES (27, 27, 2, '1978-03-02 15:14:04');
INSERT INTO `likes` (`from_user_id`, `to_subject_id`, `subject_type_id`, `created_at`) VALUES (28, 28, 3, '2006-08-06 08:29:05');
INSERT INTO `likes` (`from_user_id`, `to_subject_id`, `subject_type_id`, `created_at`) VALUES (29, 29, 4, '2003-10-25 09:34:25');
INSERT INTO `likes` (`from_user_id`, `to_subject_id`, `subject_type_id`, `created_at`) VALUES (30, 30, 5, '1972-07-31 18:44:33');
INSERT INTO `likes` (`from_user_id`, `to_subject_id`, `subject_type_id`, `created_at`) VALUES (31, 31, 1, '1976-04-10 06:36:39');
INSERT INTO `likes` (`from_user_id`, `to_subject_id`, `subject_type_id`, `created_at`) VALUES (32, 32, 2, '1972-11-29 12:52:59');
INSERT INTO `likes` (`from_user_id`, `to_subject_id`, `subject_type_id`, `created_at`) VALUES (33, 33, 3, '1992-10-16 06:04:25');
INSERT INTO `likes` (`from_user_id`, `to_subject_id`, `subject_type_id`, `created_at`) VALUES (34, 34, 4, '1977-07-06 03:43:44');
INSERT INTO `likes` (`from_user_id`, `to_subject_id`, `subject_type_id`, `created_at`) VALUES (35, 35, 5, '1988-04-29 08:31:19');
INSERT INTO `likes` (`from_user_id`, `to_subject_id`, `subject_type_id`, `created_at`) VALUES (36, 36, 1, '2017-10-18 04:38:12');
INSERT INTO `likes` (`from_user_id`, `to_subject_id`, `subject_type_id`, `created_at`) VALUES (37, 37, 2, '1977-12-07 13:13:11');
INSERT INTO `likes` (`from_user_id`, `to_subject_id`, `subject_type_id`, `created_at`) VALUES (38, 38, 3, '2018-02-14 01:33:31');
INSERT INTO `likes` (`from_user_id`, `to_subject_id`, `subject_type_id`, `created_at`) VALUES (39, 39, 4, '1986-08-27 14:19:40');
INSERT INTO `likes` (`from_user_id`, `to_subject_id`, `subject_type_id`, `created_at`) VALUES (40, 40, 5, '1971-06-30 17:00:41');
INSERT INTO `likes` (`from_user_id`, `to_subject_id`, `subject_type_id`, `created_at`) VALUES (41, 41, 1, '1970-05-20 04:54:11');
INSERT INTO `likes` (`from_user_id`, `to_subject_id`, `subject_type_id`, `created_at`) VALUES (42, 42, 2, '2013-05-04 13:01:38');
INSERT INTO `likes` (`from_user_id`, `to_subject_id`, `subject_type_id`, `created_at`) VALUES (43, 43, 3, '1989-08-06 11:36:48');
INSERT INTO `likes` (`from_user_id`, `to_subject_id`, `subject_type_id`, `created_at`) VALUES (44, 44, 4, '2013-07-07 19:21:39');
INSERT INTO `likes` (`from_user_id`, `to_subject_id`, `subject_type_id`, `created_at`) VALUES (45, 45, 5, '1997-06-22 19:26:27');
INSERT INTO `likes` (`from_user_id`, `to_subject_id`, `subject_type_id`, `created_at`) VALUES (46, 46, 1, '2007-07-29 09:10:06');
INSERT INTO `likes` (`from_user_id`, `to_subject_id`, `subject_type_id`, `created_at`) VALUES (47, 47, 2, '2016-01-09 03:24:05');
INSERT INTO `likes` (`from_user_id`, `to_subject_id`, `subject_type_id`, `created_at`) VALUES (48, 48, 3, '2015-09-29 22:14:24');
INSERT INTO `likes` (`from_user_id`, `to_subject_id`, `subject_type_id`, `created_at`) VALUES (49, 49, 4, '1999-08-31 00:16:37');
INSERT INTO `likes` (`from_user_id`, `to_subject_id`, `subject_type_id`, `created_at`) VALUES (50, 50, 5, '1998-03-15 04:45:59');
INSERT INTO `likes` (`from_user_id`, `to_subject_id`, `subject_type_id`, `created_at`) VALUES (51, 51, 1, '1972-12-25 04:04:39');
INSERT INTO `likes` (`from_user_id`, `to_subject_id`, `subject_type_id`, `created_at`) VALUES (52, 52, 2, '1997-05-31 05:06:46');
INSERT INTO `likes` (`from_user_id`, `to_subject_id`, `subject_type_id`, `created_at`) VALUES (53, 53, 3, '1974-01-14 19:55:20');
INSERT INTO `likes` (`from_user_id`, `to_subject_id`, `subject_type_id`, `created_at`) VALUES (54, 54, 4, '1999-12-25 08:23:15');
INSERT INTO `likes` (`from_user_id`, `to_subject_id`, `subject_type_id`, `created_at`) VALUES (55, 55, 5, '1977-01-31 02:01:00');
INSERT INTO `likes` (`from_user_id`, `to_subject_id`, `subject_type_id`, `created_at`) VALUES (56, 56, 1, '1997-12-25 04:42:15');
INSERT INTO `likes` (`from_user_id`, `to_subject_id`, `subject_type_id`, `created_at`) VALUES (57, 57, 2, '2006-10-07 08:41:44');
INSERT INTO `likes` (`from_user_id`, `to_subject_id`, `subject_type_id`, `created_at`) VALUES (58, 58, 3, '2012-05-14 10:34:26');
INSERT INTO `likes` (`from_user_id`, `to_subject_id`, `subject_type_id`, `created_at`) VALUES (59, 59, 4, '1977-12-21 00:18:32');
INSERT INTO `likes` (`from_user_id`, `to_subject_id`, `subject_type_id`, `created_at`) VALUES (60, 60, 5, '1974-05-26 15:15:12');
INSERT INTO `likes` (`from_user_id`, `to_subject_id`, `subject_type_id`, `created_at`) VALUES (61, 61, 1, '2019-04-24 15:44:09');
INSERT INTO `likes` (`from_user_id`, `to_subject_id`, `subject_type_id`, `created_at`) VALUES (62, 62, 2, '1973-06-05 09:46:22');
INSERT INTO `likes` (`from_user_id`, `to_subject_id`, `subject_type_id`, `created_at`) VALUES (63, 63, 3, '2018-01-30 21:30:49');
INSERT INTO `likes` (`from_user_id`, `to_subject_id`, `subject_type_id`, `created_at`) VALUES (64, 64, 4, '1998-04-29 18:38:42');
INSERT INTO `likes` (`from_user_id`, `to_subject_id`, `subject_type_id`, `created_at`) VALUES (65, 65, 5, '1972-02-06 12:48:18');
INSERT INTO `likes` (`from_user_id`, `to_subject_id`, `subject_type_id`, `created_at`) VALUES (66, 66, 1, '1977-12-08 20:59:06');
INSERT INTO `likes` (`from_user_id`, `to_subject_id`, `subject_type_id`, `created_at`) VALUES (67, 67, 2, '2016-06-01 05:48:59');
INSERT INTO `likes` (`from_user_id`, `to_subject_id`, `subject_type_id`, `created_at`) VALUES (68, 68, 3, '1971-12-28 07:16:19');
INSERT INTO `likes` (`from_user_id`, `to_subject_id`, `subject_type_id`, `created_at`) VALUES (69, 69, 4, '1979-08-31 02:03:40');
INSERT INTO `likes` (`from_user_id`, `to_subject_id`, `subject_type_id`, `created_at`) VALUES (70, 70, 5, '1979-08-25 14:36:14');
INSERT INTO `likes` (`from_user_id`, `to_subject_id`, `subject_type_id`, `created_at`) VALUES (71, 71, 1, '2015-03-30 17:44:37');
INSERT INTO `likes` (`from_user_id`, `to_subject_id`, `subject_type_id`, `created_at`) VALUES (72, 72, 2, '2009-11-19 15:42:05');
INSERT INTO `likes` (`from_user_id`, `to_subject_id`, `subject_type_id`, `created_at`) VALUES (73, 73, 3, '1991-10-17 02:54:01');
INSERT INTO `likes` (`from_user_id`, `to_subject_id`, `subject_type_id`, `created_at`) VALUES (74, 74, 4, '2009-07-23 18:32:07');
INSERT INTO `likes` (`from_user_id`, `to_subject_id`, `subject_type_id`, `created_at`) VALUES (75, 75, 5, '2006-12-04 06:33:54');
INSERT INTO `likes` (`from_user_id`, `to_subject_id`, `subject_type_id`, `created_at`) VALUES (76, 76, 1, '1992-02-07 00:34:08');
INSERT INTO `likes` (`from_user_id`, `to_subject_id`, `subject_type_id`, `created_at`) VALUES (77, 77, 2, '1998-06-14 08:23:16');
INSERT INTO `likes` (`from_user_id`, `to_subject_id`, `subject_type_id`, `created_at`) VALUES (78, 78, 3, '2009-07-12 09:04:24');
INSERT INTO `likes` (`from_user_id`, `to_subject_id`, `subject_type_id`, `created_at`) VALUES (79, 79, 4, '1989-02-13 11:50:27');
INSERT INTO `likes` (`from_user_id`, `to_subject_id`, `subject_type_id`, `created_at`) VALUES (80, 80, 5, '1990-03-10 01:16:10');
INSERT INTO `likes` (`from_user_id`, `to_subject_id`, `subject_type_id`, `created_at`) VALUES (81, 81, 1, '2016-05-03 22:52:34');
INSERT INTO `likes` (`from_user_id`, `to_subject_id`, `subject_type_id`, `created_at`) VALUES (82, 82, 2, '2016-08-28 02:59:06');
INSERT INTO `likes` (`from_user_id`, `to_subject_id`, `subject_type_id`, `created_at`) VALUES (83, 83, 3, '1983-04-14 07:14:39');
INSERT INTO `likes` (`from_user_id`, `to_subject_id`, `subject_type_id`, `created_at`) VALUES (84, 84, 4, '2016-03-06 13:53:32');
INSERT INTO `likes` (`from_user_id`, `to_subject_id`, `subject_type_id`, `created_at`) VALUES (85, 85, 5, '1972-12-19 09:03:04');
INSERT INTO `likes` (`from_user_id`, `to_subject_id`, `subject_type_id`, `created_at`) VALUES (86, 86, 1, '1985-12-19 23:15:01');
INSERT INTO `likes` (`from_user_id`, `to_subject_id`, `subject_type_id`, `created_at`) VALUES (87, 87, 2, '1986-04-18 20:48:43');
INSERT INTO `likes` (`from_user_id`, `to_subject_id`, `subject_type_id`, `created_at`) VALUES (88, 88, 3, '1983-06-29 13:02:53');
INSERT INTO `likes` (`from_user_id`, `to_subject_id`, `subject_type_id`, `created_at`) VALUES (89, 89, 4, '2014-03-12 16:48:41');
INSERT INTO `likes` (`from_user_id`, `to_subject_id`, `subject_type_id`, `created_at`) VALUES (90, 90, 5, '1979-05-03 15:59:15');
INSERT INTO `likes` (`from_user_id`, `to_subject_id`, `subject_type_id`, `created_at`) VALUES (91, 91, 1, '1993-11-20 10:00:28');
INSERT INTO `likes` (`from_user_id`, `to_subject_id`, `subject_type_id`, `created_at`) VALUES (92, 92, 2, '1973-06-03 06:19:19');
INSERT INTO `likes` (`from_user_id`, `to_subject_id`, `subject_type_id`, `created_at`) VALUES (93, 93, 3, '1989-05-11 10:51:05');
INSERT INTO `likes` (`from_user_id`, `to_subject_id`, `subject_type_id`, `created_at`) VALUES (94, 94, 4, '1984-10-25 00:58:55');
INSERT INTO `likes` (`from_user_id`, `to_subject_id`, `subject_type_id`, `created_at`) VALUES (95, 95, 5, '1993-04-25 19:53:27');
INSERT INTO `likes` (`from_user_id`, `to_subject_id`, `subject_type_id`, `created_at`) VALUES (96, 96, 1, '1987-09-08 08:31:57');
INSERT INTO `likes` (`from_user_id`, `to_subject_id`, `subject_type_id`, `created_at`) VALUES (97, 97, 2, '2003-09-26 04:38:16');
INSERT INTO `likes` (`from_user_id`, `to_subject_id`, `subject_type_id`, `created_at`) VALUES (98, 98, 3, '1998-02-09 20:52:17');
INSERT INTO `likes` (`from_user_id`, `to_subject_id`, `subject_type_id`, `created_at`) VALUES (99, 99, 4, '1977-09-13 12:03:57');
INSERT INTO `likes` (`from_user_id`, `to_subject_id`, `subject_type_id`, `created_at`) VALUES (100, 100, 5, '1972-10-04 16:23:52');


#
# TABLE STRUCTURE FOR: media
#

DROP TABLE IF EXISTS `media`;

CREATE TABLE `media` (
  `id` int(10) unsigned NOT NULL AUTO_INCREMENT,
  `media_type_id` int(10) unsigned NOT NULL,
  `user_id` int(10) unsigned NOT NULL,
  `filename` varchar(255) COLLATE utf8_unicode_ci NOT NULL,
  `size` int(11) NOT NULL,
  `metadata` longtext CHARACTER SET utf8mb4 COLLATE utf8mb4_bin DEFAULT NULL,
  `created_at` datetime DEFAULT current_timestamp(),
  `updated_at` datetime DEFAULT current_timestamp() ON UPDATE current_timestamp(),
  PRIMARY KEY (`id`),
  UNIQUE KEY `filename` (`filename`),
  KEY `media_user_id_idx` (`user_id`),
  KEY `media_media_type_id_idx` (`media_type_id`),
  CONSTRAINT `media_type_id_fk` FOREIGN KEY (`media_type_id`) REFERENCES `media_types` (`id`),
  CONSTRAINT `media_user_id_fk` FOREIGN KEY (`user_id`) REFERENCES `users` (`id`)
) ENGINE=InnoDB AUTO_INCREMENT=101 DEFAULT CHARSET=utf8 COLLATE=utf8_unicode_ci;

INSERT INTO `media` (`id`, `media_type_id`, `user_id`, `filename`, `size`, `metadata`, `created_at`, `updated_at`) VALUES (1, 1, 1, 'culpa', 0, NULL, '1988-01-28 18:38:21', '2009-06-06 11:19:43');
INSERT INTO `media` (`id`, `media_type_id`, `user_id`, `filename`, `size`, `metadata`, `created_at`, `updated_at`) VALUES (2, 2, 2, 'ab', 35992776, NULL, '1999-04-30 04:00:39', '1984-11-20 08:15:33');
INSERT INTO `media` (`id`, `media_type_id`, `user_id`, `filename`, `size`, `metadata`, `created_at`, `updated_at`) VALUES (3, 3, 3, 'nisi', 4841, NULL, '2017-07-02 12:31:55', '1982-03-02 20:32:48');
INSERT INTO `media` (`id`, `media_type_id`, `user_id`, `filename`, `size`, `metadata`, `created_at`, `updated_at`) VALUES (4, 1, 4, 'in', 53619526, NULL, '2005-02-07 11:02:14', '1995-11-01 19:05:51');
INSERT INTO `media` (`id`, `media_type_id`, `user_id`, `filename`, `size`, `metadata`, `created_at`, `updated_at`) VALUES (5, 2, 5, 'cupiditate', 758559, NULL, '1989-07-17 19:25:59', '1975-02-17 01:20:02');
INSERT INTO `media` (`id`, `media_type_id`, `user_id`, `filename`, `size`, `metadata`, `created_at`, `updated_at`) VALUES (6, 3, 6, 'sunt', 0, NULL, '1982-11-04 17:57:57', '1971-03-09 15:36:47');
INSERT INTO `media` (`id`, `media_type_id`, `user_id`, `filename`, `size`, `metadata`, `created_at`, `updated_at`) VALUES (7, 1, 7, 'laborum', 4848, NULL, '2009-06-21 10:36:31', '2006-05-11 07:17:24');
INSERT INTO `media` (`id`, `media_type_id`, `user_id`, `filename`, `size`, `metadata`, `created_at`, `updated_at`) VALUES (8, 2, 8, 'nulla', 384307624, NULL, '1992-10-22 13:48:20', '2013-02-05 02:50:09');
INSERT INTO `media` (`id`, `media_type_id`, `user_id`, `filename`, `size`, `metadata`, `created_at`, `updated_at`) VALUES (9, 3, 9, 'iusto', 2, NULL, '1973-01-11 18:07:28', '1972-02-22 23:04:11');
INSERT INTO `media` (`id`, `media_type_id`, `user_id`, `filename`, `size`, `metadata`, `created_at`, `updated_at`) VALUES (10, 1, 10, 'aperiam', 43273, NULL, '2014-09-14 09:49:27', '1990-10-23 03:29:39');
INSERT INTO `media` (`id`, `media_type_id`, `user_id`, `filename`, `size`, `metadata`, `created_at`, `updated_at`) VALUES (11, 2, 11, 'saepe', 13578555, NULL, '1996-06-14 00:46:31', '1984-08-23 04:50:33');
INSERT INTO `media` (`id`, `media_type_id`, `user_id`, `filename`, `size`, `metadata`, `created_at`, `updated_at`) VALUES (12, 3, 12, 'sit', 0, NULL, '1970-04-26 03:43:13', '1978-07-01 03:28:56');
INSERT INTO `media` (`id`, `media_type_id`, `user_id`, `filename`, `size`, `metadata`, `created_at`, `updated_at`) VALUES (13, 1, 13, 'nobis', 887696997, NULL, '2013-02-03 03:38:49', '2001-11-24 12:45:41');
INSERT INTO `media` (`id`, `media_type_id`, `user_id`, `filename`, `size`, `metadata`, `created_at`, `updated_at`) VALUES (14, 2, 14, 'deserunt', 2475, NULL, '1998-08-07 19:04:43', '1982-02-02 12:23:23');
INSERT INTO `media` (`id`, `media_type_id`, `user_id`, `filename`, `size`, `metadata`, `created_at`, `updated_at`) VALUES (15, 3, 15, 'quo', 72171597, NULL, '2010-01-03 09:54:04', '1996-08-22 23:00:19');
INSERT INTO `media` (`id`, `media_type_id`, `user_id`, `filename`, `size`, `metadata`, `created_at`, `updated_at`) VALUES (16, 1, 16, 'doloribus', 8454, NULL, '2004-10-18 11:24:57', '1976-09-19 17:10:25');
INSERT INTO `media` (`id`, `media_type_id`, `user_id`, `filename`, `size`, `metadata`, `created_at`, `updated_at`) VALUES (17, 2, 17, 'et', 161, NULL, '2006-09-07 20:23:41', '1994-07-27 15:25:27');
INSERT INTO `media` (`id`, `media_type_id`, `user_id`, `filename`, `size`, `metadata`, `created_at`, `updated_at`) VALUES (18, 3, 18, 'quas', 87, NULL, '1986-05-18 17:31:30', '2017-06-14 17:16:08');
INSERT INTO `media` (`id`, `media_type_id`, `user_id`, `filename`, `size`, `metadata`, `created_at`, `updated_at`) VALUES (19, 1, 19, 'molestiae', 1, NULL, '2015-06-16 20:21:20', '2002-09-18 01:19:21');
INSERT INTO `media` (`id`, `media_type_id`, `user_id`, `filename`, `size`, `metadata`, `created_at`, `updated_at`) VALUES (20, 2, 20, 'corrupti', 4, NULL, '1971-05-31 15:22:06', '1971-06-07 10:23:06');
INSERT INTO `media` (`id`, `media_type_id`, `user_id`, `filename`, `size`, `metadata`, `created_at`, `updated_at`) VALUES (21, 3, 21, 'eligendi', 388625997, NULL, '1987-09-09 04:14:19', '2010-08-30 09:03:40');
INSERT INTO `media` (`id`, `media_type_id`, `user_id`, `filename`, `size`, `metadata`, `created_at`, `updated_at`) VALUES (22, 1, 22, 'recusandae', 91255, NULL, '1980-03-06 04:34:55', '2018-06-11 17:24:16');
INSERT INTO `media` (`id`, `media_type_id`, `user_id`, `filename`, `size`, `metadata`, `created_at`, `updated_at`) VALUES (23, 2, 23, 'voluptate', 950710, NULL, '2001-02-12 12:32:32', '1984-01-10 15:01:34');
INSERT INTO `media` (`id`, `media_type_id`, `user_id`, `filename`, `size`, `metadata`, `created_at`, `updated_at`) VALUES (24, 3, 24, 'aspernatur', 0, NULL, '2018-12-30 11:24:50', '1991-09-15 21:31:43');
INSERT INTO `media` (`id`, `media_type_id`, `user_id`, `filename`, `size`, `metadata`, `created_at`, `updated_at`) VALUES (25, 1, 25, 'minus', 42534004, NULL, '2010-02-11 08:22:10', '1993-11-13 07:17:32');
INSERT INTO `media` (`id`, `media_type_id`, `user_id`, `filename`, `size`, `metadata`, `created_at`, `updated_at`) VALUES (26, 2, 26, 'dolorum', 45493, NULL, '1999-05-06 16:20:32', '2017-03-05 11:30:14');
INSERT INTO `media` (`id`, `media_type_id`, `user_id`, `filename`, `size`, `metadata`, `created_at`, `updated_at`) VALUES (27, 3, 27, 'rerum', 50127457, NULL, '1983-11-28 08:10:50', '1990-05-11 16:00:17');
INSERT INTO `media` (`id`, `media_type_id`, `user_id`, `filename`, `size`, `metadata`, `created_at`, `updated_at`) VALUES (28, 1, 28, 'omnis', 68, NULL, '1999-11-28 14:57:48', '2007-04-23 05:29:48');
INSERT INTO `media` (`id`, `media_type_id`, `user_id`, `filename`, `size`, `metadata`, `created_at`, `updated_at`) VALUES (29, 2, 29, 'quidem', 52204, NULL, '1976-10-09 11:40:46', '2005-04-09 22:16:20');
INSERT INTO `media` (`id`, `media_type_id`, `user_id`, `filename`, `size`, `metadata`, `created_at`, `updated_at`) VALUES (30, 3, 30, 'aut', 9, NULL, '2005-06-16 10:31:27', '1991-02-16 14:15:21');
INSERT INTO `media` (`id`, `media_type_id`, `user_id`, `filename`, `size`, `metadata`, `created_at`, `updated_at`) VALUES (31, 1, 31, 'alias', 1, NULL, '1997-03-23 03:18:56', '1973-07-06 17:18:25');
INSERT INTO `media` (`id`, `media_type_id`, `user_id`, `filename`, `size`, `metadata`, `created_at`, `updated_at`) VALUES (32, 2, 32, 'necessitatibus', 63372, NULL, '1983-11-05 22:27:05', '1972-12-08 13:00:48');
INSERT INTO `media` (`id`, `media_type_id`, `user_id`, `filename`, `size`, `metadata`, `created_at`, `updated_at`) VALUES (33, 3, 33, 'voluptas', 5354130, NULL, '2011-04-06 09:03:15', '2019-04-20 01:03:11');
INSERT INTO `media` (`id`, `media_type_id`, `user_id`, `filename`, `size`, `metadata`, `created_at`, `updated_at`) VALUES (34, 1, 34, 'ut', 0, NULL, '1977-09-18 09:50:50', '1977-08-23 07:41:17');
INSERT INTO `media` (`id`, `media_type_id`, `user_id`, `filename`, `size`, `metadata`, `created_at`, `updated_at`) VALUES (35, 2, 35, 'debitis', 83, NULL, '1996-01-18 23:52:58', '1998-08-25 11:36:58');
INSERT INTO `media` (`id`, `media_type_id`, `user_id`, `filename`, `size`, `metadata`, `created_at`, `updated_at`) VALUES (36, 3, 36, 'hic', 0, NULL, '1977-02-03 20:14:48', '1998-03-24 06:19:05');
INSERT INTO `media` (`id`, `media_type_id`, `user_id`, `filename`, `size`, `metadata`, `created_at`, `updated_at`) VALUES (37, 1, 37, 'ipsum', 5504, NULL, '1978-08-12 19:45:30', '1996-09-19 08:18:29');
INSERT INTO `media` (`id`, `media_type_id`, `user_id`, `filename`, `size`, `metadata`, `created_at`, `updated_at`) VALUES (38, 2, 38, 'ea', 5, NULL, '1996-12-15 08:35:18', '1986-05-06 22:03:36');
INSERT INTO `media` (`id`, `media_type_id`, `user_id`, `filename`, `size`, `metadata`, `created_at`, `updated_at`) VALUES (39, 3, 39, 'eveniet', 557, NULL, '1988-04-25 04:43:05', '2015-11-04 18:49:53');
INSERT INTO `media` (`id`, `media_type_id`, `user_id`, `filename`, `size`, `metadata`, `created_at`, `updated_at`) VALUES (40, 1, 40, 'quisquam', 5665561, NULL, '2004-11-21 03:54:00', '2002-04-19 22:17:53');
INSERT INTO `media` (`id`, `media_type_id`, `user_id`, `filename`, `size`, `metadata`, `created_at`, `updated_at`) VALUES (41, 2, 41, 'voluptatem', 0, NULL, '1977-06-05 10:46:24', '2010-11-12 15:15:46');
INSERT INTO `media` (`id`, `media_type_id`, `user_id`, `filename`, `size`, `metadata`, `created_at`, `updated_at`) VALUES (42, 3, 42, 'asperiores', 59, NULL, '2011-12-18 06:19:21', '1972-02-08 00:28:24');
INSERT INTO `media` (`id`, `media_type_id`, `user_id`, `filename`, `size`, `metadata`, `created_at`, `updated_at`) VALUES (43, 1, 43, 'corporis', 811, NULL, '2005-04-09 05:04:29', '2010-10-27 15:00:20');
INSERT INTO `media` (`id`, `media_type_id`, `user_id`, `filename`, `size`, `metadata`, `created_at`, `updated_at`) VALUES (44, 2, 44, 'tempora', 85059, NULL, '1971-04-27 02:09:28', '1982-06-10 04:53:40');
INSERT INTO `media` (`id`, `media_type_id`, `user_id`, `filename`, `size`, `metadata`, `created_at`, `updated_at`) VALUES (45, 3, 45, 'reprehenderit', 14119, NULL, '1996-12-27 16:26:07', '1973-11-30 11:26:56');
INSERT INTO `media` (`id`, `media_type_id`, `user_id`, `filename`, `size`, `metadata`, `created_at`, `updated_at`) VALUES (46, 1, 46, 'qui', 5131, NULL, '2002-05-14 19:04:54', '1986-11-19 23:19:47');
INSERT INTO `media` (`id`, `media_type_id`, `user_id`, `filename`, `size`, `metadata`, `created_at`, `updated_at`) VALUES (47, 2, 47, 'consequatur', 8, NULL, '1978-08-22 00:29:14', '2019-07-02 09:30:38');
INSERT INTO `media` (`id`, `media_type_id`, `user_id`, `filename`, `size`, `metadata`, `created_at`, `updated_at`) VALUES (48, 3, 48, 'distinctio', 94140, NULL, '1985-08-01 14:01:58', '2008-12-13 08:58:38');
INSERT INTO `media` (`id`, `media_type_id`, `user_id`, `filename`, `size`, `metadata`, `created_at`, `updated_at`) VALUES (49, 1, 49, 'temporibus', 780604967, NULL, '2002-01-08 13:53:49', '1994-09-23 00:40:22');
INSERT INTO `media` (`id`, `media_type_id`, `user_id`, `filename`, `size`, `metadata`, `created_at`, `updated_at`) VALUES (50, 2, 50, 'sed', 832, NULL, '2016-04-26 14:48:21', '1971-05-18 10:56:55');
INSERT INTO `media` (`id`, `media_type_id`, `user_id`, `filename`, `size`, `metadata`, `created_at`, `updated_at`) VALUES (51, 3, 51, 'nostrum', 220, NULL, '1998-07-20 09:09:17', '1999-04-22 20:10:16');
INSERT INTO `media` (`id`, `media_type_id`, `user_id`, `filename`, `size`, `metadata`, `created_at`, `updated_at`) VALUES (52, 1, 52, 'est', 3, NULL, '1982-03-28 15:00:17', '1990-04-01 17:38:53');
INSERT INTO `media` (`id`, `media_type_id`, `user_id`, `filename`, `size`, `metadata`, `created_at`, `updated_at`) VALUES (53, 2, 53, 'optio', 349238740, NULL, '2017-04-22 21:36:45', '1984-05-19 00:49:24');
INSERT INTO `media` (`id`, `media_type_id`, `user_id`, `filename`, `size`, `metadata`, `created_at`, `updated_at`) VALUES (54, 3, 54, 'repellendus', 818552, NULL, '1993-06-04 15:25:02', '2011-02-10 08:26:06');
INSERT INTO `media` (`id`, `media_type_id`, `user_id`, `filename`, `size`, `metadata`, `created_at`, `updated_at`) VALUES (55, 1, 55, 'illo', 0, NULL, '1978-01-29 11:11:47', '2003-01-24 10:12:29');
INSERT INTO `media` (`id`, `media_type_id`, `user_id`, `filename`, `size`, `metadata`, `created_at`, `updated_at`) VALUES (56, 2, 56, 'commodi', 0, NULL, '2012-07-25 08:56:56', '2000-02-14 23:22:53');
INSERT INTO `media` (`id`, `media_type_id`, `user_id`, `filename`, `size`, `metadata`, `created_at`, `updated_at`) VALUES (57, 3, 57, 'quasi', 0, NULL, '1989-05-02 18:37:42', '1974-11-08 18:21:13');
INSERT INTO `media` (`id`, `media_type_id`, `user_id`, `filename`, `size`, `metadata`, `created_at`, `updated_at`) VALUES (58, 1, 58, 'esse', 80128867, NULL, '2002-03-20 16:45:59', '1991-02-02 04:08:54');
INSERT INTO `media` (`id`, `media_type_id`, `user_id`, `filename`, `size`, `metadata`, `created_at`, `updated_at`) VALUES (59, 2, 59, 'quam', 9052319, NULL, '2012-04-15 20:59:14', '1971-12-31 20:42:32');
INSERT INTO `media` (`id`, `media_type_id`, `user_id`, `filename`, `size`, `metadata`, `created_at`, `updated_at`) VALUES (60, 3, 60, 'atque', 8547564, NULL, '1997-06-21 21:09:17', '1981-05-29 04:40:59');
INSERT INTO `media` (`id`, `media_type_id`, `user_id`, `filename`, `size`, `metadata`, `created_at`, `updated_at`) VALUES (61, 1, 61, 'quibusdam', 0, NULL, '1992-01-18 19:43:21', '2014-06-26 02:01:17');
INSERT INTO `media` (`id`, `media_type_id`, `user_id`, `filename`, `size`, `metadata`, `created_at`, `updated_at`) VALUES (62, 2, 62, 'dolorem', 0, NULL, '1979-06-02 19:46:33', '1978-05-03 18:06:52');
INSERT INTO `media` (`id`, `media_type_id`, `user_id`, `filename`, `size`, `metadata`, `created_at`, `updated_at`) VALUES (63, 3, 63, 'dolor', 3004820, NULL, '2010-03-18 02:52:45', '1982-01-29 22:41:01');
INSERT INTO `media` (`id`, `media_type_id`, `user_id`, `filename`, `size`, `metadata`, `created_at`, `updated_at`) VALUES (64, 1, 64, 'maiores', 976, NULL, '1989-10-02 18:32:47', '2003-06-29 03:36:53');
INSERT INTO `media` (`id`, `media_type_id`, `user_id`, `filename`, `size`, `metadata`, `created_at`, `updated_at`) VALUES (65, 2, 65, 'accusamus', 0, NULL, '2000-02-04 10:11:08', '1995-11-07 22:07:08');
INSERT INTO `media` (`id`, `media_type_id`, `user_id`, `filename`, `size`, `metadata`, `created_at`, `updated_at`) VALUES (66, 3, 66, 'ratione', 3, NULL, '2013-07-24 22:38:44', '1970-06-23 09:22:04');
INSERT INTO `media` (`id`, `media_type_id`, `user_id`, `filename`, `size`, `metadata`, `created_at`, `updated_at`) VALUES (67, 1, 67, 'unde', 479288428, NULL, '1996-10-22 09:05:56', '2011-09-19 03:22:29');
INSERT INTO `media` (`id`, `media_type_id`, `user_id`, `filename`, `size`, `metadata`, `created_at`, `updated_at`) VALUES (68, 2, 68, 'rem', 129, NULL, '2008-03-29 19:02:21', '1975-06-30 22:48:23');
INSERT INTO `media` (`id`, `media_type_id`, `user_id`, `filename`, `size`, `metadata`, `created_at`, `updated_at`) VALUES (69, 3, 69, 'non', 847199246, NULL, '1978-02-11 14:13:05', '1978-04-05 18:21:45');
INSERT INTO `media` (`id`, `media_type_id`, `user_id`, `filename`, `size`, `metadata`, `created_at`, `updated_at`) VALUES (70, 1, 70, 'itaque', 34886, NULL, '1998-07-31 16:51:49', '2003-11-05 03:54:39');
INSERT INTO `media` (`id`, `media_type_id`, `user_id`, `filename`, `size`, `metadata`, `created_at`, `updated_at`) VALUES (71, 2, 71, 'sequi', 849, NULL, '1976-08-27 21:28:26', '1970-01-31 04:13:50');
INSERT INTO `media` (`id`, `media_type_id`, `user_id`, `filename`, `size`, `metadata`, `created_at`, `updated_at`) VALUES (72, 3, 72, 'soluta', 169433339, NULL, '1993-11-03 16:14:10', '1984-04-21 07:00:27');
INSERT INTO `media` (`id`, `media_type_id`, `user_id`, `filename`, `size`, `metadata`, `created_at`, `updated_at`) VALUES (73, 1, 73, 'harum', 0, NULL, '1972-07-19 13:03:09', '1991-07-16 04:55:13');
INSERT INTO `media` (`id`, `media_type_id`, `user_id`, `filename`, `size`, `metadata`, `created_at`, `updated_at`) VALUES (74, 2, 74, 'expedita', 0, NULL, '1984-09-29 13:00:50', '1996-05-09 06:38:59');
INSERT INTO `media` (`id`, `media_type_id`, `user_id`, `filename`, `size`, `metadata`, `created_at`, `updated_at`) VALUES (75, 3, 75, 'repudiandae', 77, NULL, '1973-03-15 20:25:00', '1996-02-19 11:59:12');
INSERT INTO `media` (`id`, `media_type_id`, `user_id`, `filename`, `size`, `metadata`, `created_at`, `updated_at`) VALUES (76, 1, 76, 'libero', 0, NULL, '1997-10-16 13:11:47', '1992-10-20 09:13:23');
INSERT INTO `media` (`id`, `media_type_id`, `user_id`, `filename`, `size`, `metadata`, `created_at`, `updated_at`) VALUES (77, 2, 77, 'magnam', 86, NULL, '2014-03-21 17:59:11', '1974-12-03 09:01:13');
INSERT INTO `media` (`id`, `media_type_id`, `user_id`, `filename`, `size`, `metadata`, `created_at`, `updated_at`) VALUES (78, 3, 78, 'velit', 995896955, NULL, '2007-04-27 21:09:18', '2001-09-27 12:32:42');
INSERT INTO `media` (`id`, `media_type_id`, `user_id`, `filename`, `size`, `metadata`, `created_at`, `updated_at`) VALUES (79, 1, 79, 'iste', 902245335, NULL, '1989-12-11 02:01:53', '1984-08-06 19:49:32');
INSERT INTO `media` (`id`, `media_type_id`, `user_id`, `filename`, `size`, `metadata`, `created_at`, `updated_at`) VALUES (80, 2, 80, 'quia', 96004, NULL, '2009-01-06 10:35:41', '1986-12-22 18:38:59');
INSERT INTO `media` (`id`, `media_type_id`, `user_id`, `filename`, `size`, `metadata`, `created_at`, `updated_at`) VALUES (81, 3, 81, 'dignissimos', 4117213, NULL, '2005-09-06 20:40:30', '2003-05-28 03:35:27');
INSERT INTO `media` (`id`, `media_type_id`, `user_id`, `filename`, `size`, `metadata`, `created_at`, `updated_at`) VALUES (82, 1, 82, 'labore', 843, NULL, '2000-05-24 14:14:19', '1988-01-07 08:46:31');
INSERT INTO `media` (`id`, `media_type_id`, `user_id`, `filename`, `size`, `metadata`, `created_at`, `updated_at`) VALUES (83, 2, 83, 'voluptates', 13874348, NULL, '1993-09-22 08:37:13', '1998-01-30 01:39:15');
INSERT INTO `media` (`id`, `media_type_id`, `user_id`, `filename`, `size`, `metadata`, `created_at`, `updated_at`) VALUES (84, 3, 84, 'maxime', 753220815, NULL, '2012-08-28 03:33:51', '2000-07-22 21:32:29');
INSERT INTO `media` (`id`, `media_type_id`, `user_id`, `filename`, `size`, `metadata`, `created_at`, `updated_at`) VALUES (85, 1, 85, 'similique', 2578, NULL, '2004-12-15 06:12:05', '2001-10-16 09:56:05');
INSERT INTO `media` (`id`, `media_type_id`, `user_id`, `filename`, `size`, `metadata`, `created_at`, `updated_at`) VALUES (86, 2, 86, 'enim', 5119180, NULL, '1973-02-17 06:53:17', '2003-03-08 01:15:13');
INSERT INTO `media` (`id`, `media_type_id`, `user_id`, `filename`, `size`, `metadata`, `created_at`, `updated_at`) VALUES (87, 3, 87, 'deleniti', 993816, NULL, '1970-12-18 22:14:56', '1991-08-05 05:04:08');
INSERT INTO `media` (`id`, `media_type_id`, `user_id`, `filename`, `size`, `metadata`, `created_at`, `updated_at`) VALUES (88, 1, 88, 'dicta', 0, NULL, '1997-06-01 16:05:30', '1977-01-08 05:11:06');
INSERT INTO `media` (`id`, `media_type_id`, `user_id`, `filename`, `size`, `metadata`, `created_at`, `updated_at`) VALUES (89, 2, 89, 'repellat', 619, NULL, '1998-11-10 08:01:58', '1984-04-08 02:33:33');
INSERT INTO `media` (`id`, `media_type_id`, `user_id`, `filename`, `size`, `metadata`, `created_at`, `updated_at`) VALUES (90, 3, 90, 'possimus', 0, NULL, '1977-09-28 21:01:12', '2017-12-21 02:15:28');
INSERT INTO `media` (`id`, `media_type_id`, `user_id`, `filename`, `size`, `metadata`, `created_at`, `updated_at`) VALUES (91, 1, 91, 'placeat', 0, NULL, '1990-10-25 06:10:19', '1991-11-18 12:30:54');
INSERT INTO `media` (`id`, `media_type_id`, `user_id`, `filename`, `size`, `metadata`, `created_at`, `updated_at`) VALUES (92, 2, 92, 'nihil', 4200, NULL, '1989-04-24 20:49:53', '1978-08-12 08:35:58');
INSERT INTO `media` (`id`, `media_type_id`, `user_id`, `filename`, `size`, `metadata`, `created_at`, `updated_at`) VALUES (93, 3, 93, 'incidunt', 1641831, NULL, '2017-08-12 12:30:31', '2000-09-15 02:49:08');
INSERT INTO `media` (`id`, `media_type_id`, `user_id`, `filename`, `size`, `metadata`, `created_at`, `updated_at`) VALUES (94, 1, 94, 'laudantium', 584, NULL, '2016-04-03 20:42:06', '1990-12-22 14:43:49');
INSERT INTO `media` (`id`, `media_type_id`, `user_id`, `filename`, `size`, `metadata`, `created_at`, `updated_at`) VALUES (95, 2, 95, 'officiis', 6644, NULL, '2003-10-05 01:13:09', '2008-07-12 23:42:28');
INSERT INTO `media` (`id`, `media_type_id`, `user_id`, `filename`, `size`, `metadata`, `created_at`, `updated_at`) VALUES (96, 3, 96, 'nesciunt', 84637823, NULL, '1994-07-09 21:18:22', '2008-10-23 07:00:43');
INSERT INTO `media` (`id`, `media_type_id`, `user_id`, `filename`, `size`, `metadata`, `created_at`, `updated_at`) VALUES (97, 1, 97, 'earum', 829835841, NULL, '1995-10-26 20:50:01', '2013-04-19 03:17:22');
INSERT INTO `media` (`id`, `media_type_id`, `user_id`, `filename`, `size`, `metadata`, `created_at`, `updated_at`) VALUES (98, 2, 98, 'dolores', 78, NULL, '1974-04-22 22:51:26', '2008-04-24 05:01:22');
INSERT INTO `media` (`id`, `media_type_id`, `user_id`, `filename`, `size`, `metadata`, `created_at`, `updated_at`) VALUES (99, 3, 99, 'ullam', 203, NULL, '1999-07-27 20:41:43', '1981-06-05 18:57:01');
INSERT INTO `media` (`id`, `media_type_id`, `user_id`, `filename`, `size`, `metadata`, `created_at`, `updated_at`) VALUES (100, 1, 100, 'a', 6150828, NULL, '1985-10-16 07:35:46', '1986-01-19 18:46:59');


#
# TABLE STRUCTURE FOR: media_types
#

DROP TABLE IF EXISTS `media_types`;

CREATE TABLE `media_types` (
  `id` int(10) unsigned NOT NULL AUTO_INCREMENT,
  `name` varchar(255) COLLATE utf8_unicode_ci NOT NULL,
  `created_at` datetime DEFAULT current_timestamp(),
  `updated_at` datetime DEFAULT current_timestamp() ON UPDATE current_timestamp(),
  PRIMARY KEY (`id`),
  UNIQUE KEY `name` (`name`)
) ENGINE=InnoDB AUTO_INCREMENT=4 DEFAULT CHARSET=utf8 COLLATE=utf8_unicode_ci;

INSERT INTO `media_types` (`id`, `name`, `created_at`, `updated_at`) VALUES (1, 'laboriosam', '2008-05-02 02:46:37', '1974-01-24 07:52:35');
INSERT INTO `media_types` (`id`, `name`, `created_at`, `updated_at`) VALUES (2, 'aliquid', '1978-10-06 23:01:04', '2014-05-16 02:05:49');
INSERT INTO `media_types` (`id`, `name`, `created_at`, `updated_at`) VALUES (3, 'id', '1972-04-14 09:10:41', '1995-06-26 15:39:12');


#
# TABLE STRUCTURE FOR: messages
#

DROP TABLE IF EXISTS `messages`;

CREATE TABLE `messages` (
  `from_user_id` int(10) unsigned NOT NULL,
  `to_user_id` int(10) unsigned NOT NULL,
  `body` text COLLATE utf8_unicode_ci NOT NULL,
  `important` tinyint(1) DEFAULT NULL,
  `delivered` tinyint(1) DEFAULT NULL,
  `created_at` datetime NOT NULL DEFAULT current_timestamp(),
  PRIMARY KEY (`from_user_id`,`created_at`),
  KEY `messages_from_user_id_idx` (`from_user_id`),
  KEY `messages_to_user_id_idx` (`to_user_id`),
  CONSTRAINT `messages_from_user_id_fk` FOREIGN KEY (`from_user_id`) REFERENCES `users` (`id`),
  CONSTRAINT `messages_to_user_id_fk` FOREIGN KEY (`to_user_id`) REFERENCES `users` (`id`)
) ENGINE=InnoDB DEFAULT CHARSET=utf8 COLLATE=utf8_unicode_ci;

INSERT INTO `messages` (`from_user_id`, `to_user_id`, `body`, `important`, `delivered`, `created_at`) VALUES (1, 1, 'Natus dolores ut cumque qui praesentium facere corporis. Eius sed ut quos delectus. Hic corrupti est in dolor. Itaque fugit eaque dolorem repudiandae sit alias.', 1, 1, '1976-05-15 17:47:15');
INSERT INTO `messages` (`from_user_id`, `to_user_id`, `body`, `important`, `delivered`, `created_at`) VALUES (2, 2, 'Sunt consequatur facilis aliquid aliquid qui quaerat qui qui. Sapiente possimus quam hic ipsam maxime vel ipsa. Dicta quasi qui est ea rerum commodi.', 1, 0, '2009-03-08 13:14:37');
INSERT INTO `messages` (`from_user_id`, `to_user_id`, `body`, `important`, `delivered`, `created_at`) VALUES (3, 3, 'Voluptatem reprehenderit quasi quis qui et consequatur minima. Minima vel natus neque voluptatibus temporibus quibusdam. Ut assumenda illo ad quia hic. Minima non aut quaerat corporis eos.', 1, 0, '1971-10-15 07:04:02');
INSERT INTO `messages` (`from_user_id`, `to_user_id`, `body`, `important`, `delivered`, `created_at`) VALUES (4, 4, 'Aut corporis delectus magni distinctio. Soluta minima blanditiis modi. Labore omnis necessitatibus non porro beatae. Ratione omnis ut quo incidunt illo.', 1, 0, '2008-05-30 12:21:43');
INSERT INTO `messages` (`from_user_id`, `to_user_id`, `body`, `important`, `delivered`, `created_at`) VALUES (5, 5, 'Laboriosam fugiat laborum blanditiis doloribus facilis sed nam. Nobis optio in quis est omnis dolorem. Aut nesciunt omnis quas cupiditate architecto. Natus possimus ut et accusamus tempore consequatur. Tenetur culpa et sed inventore repellendus voluptatem.', 1, 1, '1977-08-06 20:32:53');
INSERT INTO `messages` (`from_user_id`, `to_user_id`, `body`, `important`, `delivered`, `created_at`) VALUES (6, 6, 'Libero a dolorum dolore. Id quia velit sequi. Distinctio repudiandae cum at culpa amet laborum sit autem.', 0, 0, '2012-04-08 04:14:43');
INSERT INTO `messages` (`from_user_id`, `to_user_id`, `body`, `important`, `delivered`, `created_at`) VALUES (7, 7, 'Recusandae aut aut dolorum porro. Labore enim fuga deleniti voluptatem voluptatem. Corporis nobis blanditiis soluta ut dolorem adipisci alias.', 0, 1, '1998-02-14 04:47:25');
INSERT INTO `messages` (`from_user_id`, `to_user_id`, `body`, `important`, `delivered`, `created_at`) VALUES (8, 8, 'Quo cupiditate natus aliquam quod. Necessitatibus fugiat ex ut architecto ea et. Voluptas enim est expedita asperiores dolores est. Molestias cupiditate perferendis quae commodi odio et ipsum. Expedita nihil nihil quis consectetur eum.', 1, 1, '1970-12-22 20:19:44');
INSERT INTO `messages` (`from_user_id`, `to_user_id`, `body`, `important`, `delivered`, `created_at`) VALUES (9, 9, 'Laudantium iusto error aspernatur nihil sunt. Ipsam est commodi quo dolorem.', 0, 0, '2017-03-02 20:28:19');
INSERT INTO `messages` (`from_user_id`, `to_user_id`, `body`, `important`, `delivered`, `created_at`) VALUES (10, 10, 'Ipsa minus quos veritatis ab veritatis repellat inventore. Non commodi ullam molestiae laboriosam sed earum quaerat nihil. Fuga a facere asperiores omnis quos. Omnis et totam et et autem.', 0, 1, '2011-04-02 14:26:40');
INSERT INTO `messages` (`from_user_id`, `to_user_id`, `body`, `important`, `delivered`, `created_at`) VALUES (11, 11, 'Ex provident porro aut consequatur. Quia voluptas possimus animi dicta est velit rerum. Fugit non maiores dolorem eveniet nulla. Commodi adipisci architecto quae quae sed accusantium excepturi. Ab vitae dolorem consectetur doloremque enim beatae perspiciatis.', 1, 1, '1981-01-11 04:16:09');
INSERT INTO `messages` (`from_user_id`, `to_user_id`, `body`, `important`, `delivered`, `created_at`) VALUES (12, 12, 'Omnis aperiam sed blanditiis impedit qui eius dolor aut. Tenetur occaecati nihil aliquam.', 1, 0, '1990-04-20 23:42:03');
INSERT INTO `messages` (`from_user_id`, `to_user_id`, `body`, `important`, `delivered`, `created_at`) VALUES (13, 13, 'Officiis perferendis vitae occaecati minima praesentium. Nam ullam quibusdam sint aut quibusdam doloremque. Sit ut debitis suscipit id alias eum tenetur. Reprehenderit iure officiis praesentium animi sed consequatur odit. Facilis vel sint consequuntur illum at voluptas non.', 1, 1, '1972-08-07 21:59:12');
INSERT INTO `messages` (`from_user_id`, `to_user_id`, `body`, `important`, `delivered`, `created_at`) VALUES (14, 14, 'Aut sit ipsam totam dolorem aspernatur. Accusantium impedit laborum non expedita impedit distinctio labore nihil.', 1, 0, '1986-04-02 14:46:52');
INSERT INTO `messages` (`from_user_id`, `to_user_id`, `body`, `important`, `delivered`, `created_at`) VALUES (15, 15, 'Nulla placeat iure voluptatem enim non quia pariatur. Non maiores ut ratione laudantium explicabo dolorum eligendi. Nulla velit blanditiis et deserunt sapiente eius dolores.', 0, 0, '2008-03-22 08:47:47');
INSERT INTO `messages` (`from_user_id`, `to_user_id`, `body`, `important`, `delivered`, `created_at`) VALUES (16, 16, 'Molestiae qui iusto omnis labore quisquam et dolore aperiam. Qui odit fugiat fuga. Minima dolorem velit atque quam voluptate. Animi similique aut commodi recusandae.', 0, 0, '2016-08-08 19:54:00');
INSERT INTO `messages` (`from_user_id`, `to_user_id`, `body`, `important`, `delivered`, `created_at`) VALUES (17, 17, 'Numquam unde id rerum placeat exercitationem quibusdam. Eos voluptatibus totam consectetur at temporibus atque. Eligendi molestias qui et facilis iure aliquid ullam repellat. Occaecati quia accusamus distinctio vero quis vel.', 0, 0, '1981-02-17 11:54:18');
INSERT INTO `messages` (`from_user_id`, `to_user_id`, `body`, `important`, `delivered`, `created_at`) VALUES (18, 18, 'Quia nesciunt veniam debitis libero dolor ad est. Consequatur provident impedit quae aut repudiandae. In non voluptatem suscipit perspiciatis dolores. Deserunt mollitia omnis mollitia aut enim similique quidem. Voluptatum corporis aut deserunt sint.', 1, 0, '1981-06-16 07:34:21');
INSERT INTO `messages` (`from_user_id`, `to_user_id`, `body`, `important`, `delivered`, `created_at`) VALUES (19, 19, 'Praesentium unde accusantium labore repellendus quibusdam. Possimus quisquam ut veniam fugiat et ipsa corporis. Maiores porro consequuntur voluptas.', 1, 0, '1995-11-10 08:21:18');
INSERT INTO `messages` (`from_user_id`, `to_user_id`, `body`, `important`, `delivered`, `created_at`) VALUES (20, 20, 'Est rerum est earum aut quis. Est dolore harum rerum. Voluptas magnam magnam sed et veniam necessitatibus voluptas.', 0, 0, '2009-05-27 02:06:50');
INSERT INTO `messages` (`from_user_id`, `to_user_id`, `body`, `important`, `delivered`, `created_at`) VALUES (21, 21, 'Accusamus voluptatibus odit odio totam minus libero aut est. Dolorum maxime ut ipsa reprehenderit consequatur ut minus. Perferendis et in et illum dolores.', 1, 1, '1982-09-30 16:41:17');
INSERT INTO `messages` (`from_user_id`, `to_user_id`, `body`, `important`, `delivered`, `created_at`) VALUES (22, 22, 'Similique voluptatem rerum est quos autem suscipit. Esse vel harum distinctio omnis. Aliquid illo in impedit soluta dolorem omnis.', 0, 1, '1986-01-21 15:09:29');
INSERT INTO `messages` (`from_user_id`, `to_user_id`, `body`, `important`, `delivered`, `created_at`) VALUES (23, 23, 'Soluta voluptatem est eum sit sint. Deserunt nisi nemo fugit eaque rerum qui. Molestiae nulla error asperiores ut ut harum corporis. Rerum veniam provident id architecto.', 1, 0, '1999-12-25 22:40:37');
INSERT INTO `messages` (`from_user_id`, `to_user_id`, `body`, `important`, `delivered`, `created_at`) VALUES (24, 24, 'Veniam facere tenetur a ut quaerat. Accusantium et quis in rem molestias atque est. Reiciendis veritatis sunt eum quis illo. Id iste voluptatum vel quasi nostrum voluptatibus.', 1, 1, '2004-07-15 08:48:50');
INSERT INTO `messages` (`from_user_id`, `to_user_id`, `body`, `important`, `delivered`, `created_at`) VALUES (25, 25, 'Saepe voluptatibus modi vero magni alias nisi. Unde asperiores et laudantium labore est fuga aliquid. Voluptatem sed ut ex illum suscipit ex. Harum veritatis nostrum beatae voluptatem ea.', 1, 1, '1973-09-14 09:09:59');
INSERT INTO `messages` (`from_user_id`, `to_user_id`, `body`, `important`, `delivered`, `created_at`) VALUES (26, 26, 'Voluptatum ut quasi omnis. Adipisci optio nostrum aut et qui. Quidem repellat et veritatis quaerat reiciendis doloribus.', 1, 0, '2018-03-02 22:30:38');
INSERT INTO `messages` (`from_user_id`, `to_user_id`, `body`, `important`, `delivered`, `created_at`) VALUES (27, 27, 'Voluptatem at quo ratione sequi quo suscipit in. Perferendis delectus assumenda aspernatur suscipit ut voluptatibus nam. Cumque dolorem qui ea dolorem labore sit sit. Aliquid voluptatem rerum alias ratione aut.', 0, 1, '1976-05-06 06:52:07');
INSERT INTO `messages` (`from_user_id`, `to_user_id`, `body`, `important`, `delivered`, `created_at`) VALUES (28, 28, 'Quae eum dolorem voluptate facere omnis illo assumenda illum. Distinctio enim illo dolorem natus eveniet sit. Et ullam et est corporis aut quas fugiat.', 1, 0, '2002-10-09 22:44:57');
INSERT INTO `messages` (`from_user_id`, `to_user_id`, `body`, `important`, `delivered`, `created_at`) VALUES (29, 29, 'Similique fugit minus omnis rem corporis fugit sit. In aut expedita omnis optio et nesciunt. Expedita quibusdam ut perferendis officia id perspiciatis ut deserunt.', 0, 1, '1998-10-09 14:56:33');
INSERT INTO `messages` (`from_user_id`, `to_user_id`, `body`, `important`, `delivered`, `created_at`) VALUES (30, 30, 'Eos inventore fugit rerum nihil sint et est. Aspernatur et est aperiam praesentium aut nobis sunt. Blanditiis earum omnis in eligendi nesciunt minus. Rerum voluptatem dolores et doloribus magni dolores ratione nemo.', 0, 1, '1995-12-14 13:42:42');
INSERT INTO `messages` (`from_user_id`, `to_user_id`, `body`, `important`, `delivered`, `created_at`) VALUES (31, 31, 'Harum rem autem sit iste. Soluta et aut quae voluptatum error aut aliquam. Quia eius sint illum veniam molestiae veritatis. Expedita vel voluptatum consequuntur omnis quibusdam. Consequatur eum non minima et voluptatem necessitatibus qui voluptas.', 0, 1, '1978-12-29 19:59:43');
INSERT INTO `messages` (`from_user_id`, `to_user_id`, `body`, `important`, `delivered`, `created_at`) VALUES (32, 32, 'Velit non tenetur suscipit a vel tempora. Repellat incidunt quis et ut consequatur qui. Excepturi dolore nostrum aut laborum. At eos quo iusto illum qui accusantium. Molestiae architecto inventore aut.', 1, 1, '1989-08-05 18:46:30');
INSERT INTO `messages` (`from_user_id`, `to_user_id`, `body`, `important`, `delivered`, `created_at`) VALUES (33, 33, 'Eos qui atque nesciunt aut praesentium saepe. Aut pariatur occaecati occaecati ut quisquam aut. Rem temporibus et et. A dolorem mollitia fuga ut.', 1, 1, '1987-01-10 05:25:54');
INSERT INTO `messages` (`from_user_id`, `to_user_id`, `body`, `important`, `delivered`, `created_at`) VALUES (34, 34, 'Voluptatibus ipsa numquam consequatur maxime. Eum harum omnis laboriosam. Eum nisi voluptatem modi voluptatem doloribus velit necessitatibus rerum.', 1, 1, '1976-01-02 13:23:31');
INSERT INTO `messages` (`from_user_id`, `to_user_id`, `body`, `important`, `delivered`, `created_at`) VALUES (35, 35, 'Culpa fugit alias et quo nesciunt enim. Sunt consectetur placeat autem totam sed iure eos. Minima similique soluta sit a ab.', 0, 0, '1994-04-17 16:49:08');
INSERT INTO `messages` (`from_user_id`, `to_user_id`, `body`, `important`, `delivered`, `created_at`) VALUES (36, 36, 'Qui recusandae voluptas quibusdam labore. Iusto sit quia quis impedit possimus quos debitis ut. Et voluptas eveniet omnis eligendi voluptas. Velit quisquam minus est iusto tempore at quas.', 1, 0, '2015-02-28 13:58:06');
INSERT INTO `messages` (`from_user_id`, `to_user_id`, `body`, `important`, `delivered`, `created_at`) VALUES (37, 37, 'Soluta quae quas adipisci doloribus. Facere modi soluta rem vel cumque non nisi ea. Nam dignissimos illo voluptate qui vel. Beatae aspernatur eum id sunt quae aut dolor. Consequatur optio aspernatur quia repellendus minus aut.', 1, 1, '1981-08-10 22:35:02');
INSERT INTO `messages` (`from_user_id`, `to_user_id`, `body`, `important`, `delivered`, `created_at`) VALUES (38, 38, 'Libero explicabo magni deserunt voluptas velit. Modi perspiciatis quidem repellendus eligendi repudiandae. Et est amet iure ut.', 0, 0, '2001-03-09 01:21:09');
INSERT INTO `messages` (`from_user_id`, `to_user_id`, `body`, `important`, `delivered`, `created_at`) VALUES (39, 39, 'Reiciendis sed accusamus suscipit. Sunt nihil exercitationem at. Sequi est nam quia in eveniet blanditiis.', 1, 0, '2001-08-20 11:00:57');
INSERT INTO `messages` (`from_user_id`, `to_user_id`, `body`, `important`, `delivered`, `created_at`) VALUES (40, 40, 'Et deleniti reprehenderit id rerum consectetur. Quis velit in saepe voluptatum non labore et. Consequuntur commodi alias enim dolorem. Tenetur qui quos quaerat officiis quo rerum.', 1, 1, '1999-02-24 15:22:15');
INSERT INTO `messages` (`from_user_id`, `to_user_id`, `body`, `important`, `delivered`, `created_at`) VALUES (41, 41, 'Illum eligendi minus sunt. Possimus nesciunt perferendis laudantium enim voluptatem ea et. Labore voluptas perspiciatis nobis consequatur possimus dicta magnam. Nihil qui id aspernatur vel natus debitis.', 1, 0, '1972-04-28 14:41:28');
INSERT INTO `messages` (`from_user_id`, `to_user_id`, `body`, `important`, `delivered`, `created_at`) VALUES (42, 42, 'Illum amet voluptates magnam fuga ut aut nobis. Iste exercitationem accusantium enim est mollitia veniam. Quibusdam et quidem ea mollitia recusandae ea placeat.', 1, 1, '2002-12-16 16:04:08');
INSERT INTO `messages` (`from_user_id`, `to_user_id`, `body`, `important`, `delivered`, `created_at`) VALUES (43, 43, 'Dicta ea eos at et totam dolorum. Nobis aut rem eum dolores et. Exercitationem non vel est voluptatem. Expedita voluptate rem quod eaque voluptas deleniti.', 0, 1, '1974-10-11 00:16:10');
INSERT INTO `messages` (`from_user_id`, `to_user_id`, `body`, `important`, `delivered`, `created_at`) VALUES (44, 44, 'Ut est animi aspernatur deleniti dolorum. Maxime autem impedit minima corrupti. Commodi voluptate et ipsam pariatur. Et voluptatem nemo inventore in.', 1, 1, '1993-07-03 01:38:57');
INSERT INTO `messages` (`from_user_id`, `to_user_id`, `body`, `important`, `delivered`, `created_at`) VALUES (45, 45, 'Eum est placeat consequuntur esse sunt nihil perspiciatis. Sit saepe sed perspiciatis distinctio enim inventore. Ullam officiis quae incidunt harum officia repellendus delectus nesciunt.', 1, 1, '2014-07-10 09:53:45');
INSERT INTO `messages` (`from_user_id`, `to_user_id`, `body`, `important`, `delivered`, `created_at`) VALUES (46, 46, 'Consequuntur animi iusto in in autem consequatur. Fugiat omnis est nihil qui illum laudantium non. Cumque repellat et excepturi commodi ut animi repellat.', 1, 0, '1988-10-16 15:19:05');
INSERT INTO `messages` (`from_user_id`, `to_user_id`, `body`, `important`, `delivered`, `created_at`) VALUES (47, 47, 'Laboriosam maiores et non a voluptatem facere. Iusto amet et dolor ipsa ea. Eligendi error fuga id dolor.', 0, 0, '2013-11-14 01:31:20');
INSERT INTO `messages` (`from_user_id`, `to_user_id`, `body`, `important`, `delivered`, `created_at`) VALUES (48, 48, 'Aliquam mollitia repudiandae dolor error sit maiores. Saepe quia doloremque culpa. Voluptatibus distinctio quia non accusamus voluptatem dolor. Magnam eius nam doloremque eveniet molestias et.', 1, 1, '1993-02-23 12:43:05');
INSERT INTO `messages` (`from_user_id`, `to_user_id`, `body`, `important`, `delivered`, `created_at`) VALUES (49, 49, 'Voluptatem perspiciatis aut eius officia consequatur. Vel ut suscipit eos quis molestias quis. Harum dolorum et voluptatem quos soluta. Cum qui quae et et quis.', 0, 0, '1993-04-16 13:07:41');
INSERT INTO `messages` (`from_user_id`, `to_user_id`, `body`, `important`, `delivered`, `created_at`) VALUES (50, 50, 'Adipisci nobis amet quis voluptatum. Et et ut mollitia blanditiis iusto et tempora.', 0, 1, '2005-10-18 05:18:29');
INSERT INTO `messages` (`from_user_id`, `to_user_id`, `body`, `important`, `delivered`, `created_at`) VALUES (51, 51, 'Sed vitae et dolor ducimus illo est fugit aut. A similique cupiditate voluptas quisquam suscipit aliquid eaque. Architecto ut est sint modi aliquid. Odio corrupti quasi sed amet.', 1, 1, '1992-05-29 22:40:40');
INSERT INTO `messages` (`from_user_id`, `to_user_id`, `body`, `important`, `delivered`, `created_at`) VALUES (52, 52, 'Cupiditate sunt ut aut iusto quae. Aut rerum et est quis cum ratione ut. Tenetur et eveniet est accusamus cum voluptates.', 0, 0, '2012-08-17 02:02:34');
INSERT INTO `messages` (`from_user_id`, `to_user_id`, `body`, `important`, `delivered`, `created_at`) VALUES (53, 53, 'Dolores ut minus autem atque aut laborum consequatur. Delectus voluptas nihil in beatae sed.', 0, 0, '1972-07-21 22:33:37');
INSERT INTO `messages` (`from_user_id`, `to_user_id`, `body`, `important`, `delivered`, `created_at`) VALUES (54, 54, 'Earum quia a ipsa quidem quod corrupti. Porro et quis ea voluptatum autem ratione. Aperiam et et qui labore.', 1, 1, '1972-03-26 21:42:17');
INSERT INTO `messages` (`from_user_id`, `to_user_id`, `body`, `important`, `delivered`, `created_at`) VALUES (55, 55, 'Tenetur cupiditate cupiditate iusto adipisci voluptatem. Atque id non et libero et.', 0, 1, '1998-09-13 23:07:02');
INSERT INTO `messages` (`from_user_id`, `to_user_id`, `body`, `important`, `delivered`, `created_at`) VALUES (56, 56, 'Voluptatibus veniam id a est rerum facilis. Maxime amet iste qui voluptatum hic enim. Et expedita tenetur culpa et voluptas.', 0, 1, '2012-03-22 13:00:23');
INSERT INTO `messages` (`from_user_id`, `to_user_id`, `body`, `important`, `delivered`, `created_at`) VALUES (57, 57, 'Adipisci eligendi id ut. Asperiores rerum rerum quis odit vero numquam. Id et quia ad aut quas illum itaque ut. Omnis repudiandae sunt est ducimus.', 0, 1, '1971-12-26 10:34:41');
INSERT INTO `messages` (`from_user_id`, `to_user_id`, `body`, `important`, `delivered`, `created_at`) VALUES (58, 58, 'Consectetur inventore exercitationem accusantium iure sequi dolorum ad totam. Nam deleniti facilis velit exercitationem. Temporibus non quis et blanditiis provident ea.', 0, 1, '1979-08-07 13:51:52');
INSERT INTO `messages` (`from_user_id`, `to_user_id`, `body`, `important`, `delivered`, `created_at`) VALUES (59, 59, 'Numquam repellat iure ratione deserunt vero. Delectus omnis quis corporis suscipit.', 0, 1, '2019-02-27 11:25:05');
INSERT INTO `messages` (`from_user_id`, `to_user_id`, `body`, `important`, `delivered`, `created_at`) VALUES (60, 60, 'Nihil iste quia repellendus temporibus blanditiis sint sunt. Omnis quidem qui sed ut labore distinctio. Harum quos velit et quae qui libero impedit.', 1, 1, '2016-11-22 18:00:36');
INSERT INTO `messages` (`from_user_id`, `to_user_id`, `body`, `important`, `delivered`, `created_at`) VALUES (61, 61, 'Dicta facilis quos adipisci perspiciatis. Exercitationem esse eaque cupiditate aut. Eum omnis aliquid distinctio est qui deserunt.', 1, 1, '1986-09-28 23:35:18');
INSERT INTO `messages` (`from_user_id`, `to_user_id`, `body`, `important`, `delivered`, `created_at`) VALUES (62, 62, 'Eum ullam optio dolore exercitationem aut rerum et. Sint labore neque qui odio ea minus dicta ut. Optio explicabo tempore sed ea. Et laudantium distinctio voluptas autem itaque.', 0, 1, '1993-08-12 20:40:04');
INSERT INTO `messages` (`from_user_id`, `to_user_id`, `body`, `important`, `delivered`, `created_at`) VALUES (63, 63, 'Corporis accusantium dolor aliquid ea sed similique omnis. Deleniti occaecati repellendus asperiores. Dolor numquam ea optio dolor qui odit velit. Ut nobis sint perspiciatis veniam id voluptatum rem.', 0, 1, '1976-04-24 08:38:59');
INSERT INTO `messages` (`from_user_id`, `to_user_id`, `body`, `important`, `delivered`, `created_at`) VALUES (64, 64, 'Ut numquam et quo sunt. Est recusandae at molestiae accusamus. Ut excepturi ut assumenda. Qui rerum officia dolorum quo ut aperiam distinctio.', 0, 1, '2006-06-02 18:25:21');
INSERT INTO `messages` (`from_user_id`, `to_user_id`, `body`, `important`, `delivered`, `created_at`) VALUES (65, 65, 'Dolores cum consequuntur consequuntur voluptatibus doloremque aut eos. Rem id occaecati earum sed.', 1, 1, '2001-05-08 03:56:50');
INSERT INTO `messages` (`from_user_id`, `to_user_id`, `body`, `important`, `delivered`, `created_at`) VALUES (66, 66, 'Aut maiores dolores ipsam dicta dolorem expedita consequatur. Ipsum quia fugit hic ea corporis qui. Officiis eaque temporibus velit qui dolor.', 0, 0, '2003-05-09 18:03:18');
INSERT INTO `messages` (`from_user_id`, `to_user_id`, `body`, `important`, `delivered`, `created_at`) VALUES (67, 67, 'Nesciunt eveniet accusamus et accusantium nostrum. Aut eos in mollitia ut dolorem doloremque autem. Adipisci ad repellat minus exercitationem ut omnis veritatis. Aut ad eaque earum est voluptates.', 1, 1, '2005-03-04 17:07:13');
INSERT INTO `messages` (`from_user_id`, `to_user_id`, `body`, `important`, `delivered`, `created_at`) VALUES (68, 68, 'Ab numquam ducimus voluptatem sit eum iure rerum. Cumque nihil tempore deleniti. Explicabo aliquam aut et modi neque. Nihil similique quis qui dolor dignissimos maiores rerum.', 1, 1, '1975-11-03 06:08:41');
INSERT INTO `messages` (`from_user_id`, `to_user_id`, `body`, `important`, `delivered`, `created_at`) VALUES (69, 69, 'Et sint qui nihil ut dignissimos suscipit. Molestiae amet eum labore deleniti sapiente delectus.', 0, 0, '1970-05-16 21:55:01');
INSERT INTO `messages` (`from_user_id`, `to_user_id`, `body`, `important`, `delivered`, `created_at`) VALUES (70, 70, 'Iusto iste enim dolor et excepturi et voluptas. Sunt voluptatem in sit sint numquam ut. Ex modi animi molestias nostrum culpa autem.', 0, 1, '2005-12-05 21:27:13');
INSERT INTO `messages` (`from_user_id`, `to_user_id`, `body`, `important`, `delivered`, `created_at`) VALUES (71, 71, 'Sed id veritatis ut sunt aut ut animi veritatis. Aut cupiditate aperiam deserunt soluta recusandae soluta. Qui dolor deserunt culpa occaecati nisi.', 1, 1, '1995-11-26 12:35:51');
INSERT INTO `messages` (`from_user_id`, `to_user_id`, `body`, `important`, `delivered`, `created_at`) VALUES (72, 72, 'Modi consequuntur nisi quod corporis perferendis. Adipisci nisi impedit ut qui beatae. Sint cupiditate ab aliquid qui ipsa qui quia. Repellat suscipit at officiis ab hic.', 0, 0, '1987-12-20 11:06:32');
INSERT INTO `messages` (`from_user_id`, `to_user_id`, `body`, `important`, `delivered`, `created_at`) VALUES (73, 73, 'Autem molestiae dolorem sunt itaque animi sint occaecati. Voluptas consequatur et et cum molestiae. Quia fuga est consequatur natus. Praesentium necessitatibus aliquid quis et libero sed.', 0, 1, '1973-06-01 04:15:26');
INSERT INTO `messages` (`from_user_id`, `to_user_id`, `body`, `important`, `delivered`, `created_at`) VALUES (74, 74, 'Voluptas dignissimos nam voluptas adipisci maiores praesentium rerum. Perferendis quisquam et eligendi eaque. Ut voluptates cumque quia qui.', 0, 0, '2006-10-23 07:04:11');
INSERT INTO `messages` (`from_user_id`, `to_user_id`, `body`, `important`, `delivered`, `created_at`) VALUES (75, 75, 'Voluptatem recusandae consequatur et fugiat asperiores dolorum repellendus. Impedit sed dolores fuga quia. Nesciunt fugiat enim id beatae. Expedita non nostrum temporibus modi repudiandae.', 0, 1, '1997-03-07 11:45:54');
INSERT INTO `messages` (`from_user_id`, `to_user_id`, `body`, `important`, `delivered`, `created_at`) VALUES (76, 76, 'Voluptas sit magni eos voluptate enim enim. Accusantium voluptatibus voluptatem et itaque consequuntur debitis. Sed rerum voluptate dolores tempora voluptatem voluptatum aut. Neque voluptatem amet molestiae quae dolorem alias.', 0, 0, '2001-04-16 20:00:43');
INSERT INTO `messages` (`from_user_id`, `to_user_id`, `body`, `important`, `delivered`, `created_at`) VALUES (77, 77, 'Laboriosam quia repudiandae et necessitatibus. Sunt molestiae deserunt at. Aliquam quis est est esse cumque aspernatur. Saepe minima sit ducimus et est aut et. Hic facilis natus deleniti sequi dolorem.', 1, 0, '2010-10-04 00:01:18');
INSERT INTO `messages` (`from_user_id`, `to_user_id`, `body`, `important`, `delivered`, `created_at`) VALUES (78, 78, 'Ratione cupiditate nihil ipsum cupiditate itaque quia. Et cumque vel autem corrupti qui molestias nemo. Modi sit adipisci rerum porro. Ipsam aut molestiae est in molestiae veritatis.', 0, 1, '1987-03-04 22:50:09');
INSERT INTO `messages` (`from_user_id`, `to_user_id`, `body`, `important`, `delivered`, `created_at`) VALUES (79, 79, 'Rerum nam velit fugit sit. Ex velit est hic natus ut. Et ut possimus soluta qui adipisci autem eveniet. Est quos perferendis non et.', 0, 0, '2006-03-14 11:06:28');
INSERT INTO `messages` (`from_user_id`, `to_user_id`, `body`, `important`, `delivered`, `created_at`) VALUES (80, 80, 'Culpa harum ullam molestias ut iste minima sit est. Vel rerum est quia similique eum enim. Reprehenderit aut debitis sunt et cupiditate. Sunt non aliquam provident.', 1, 1, '1999-10-08 00:39:03');
INSERT INTO `messages` (`from_user_id`, `to_user_id`, `body`, `important`, `delivered`, `created_at`) VALUES (81, 81, 'Provident molestiae mollitia et temporibus quas. Numquam doloremque beatae doloribus totam et saepe iste sunt. Molestiae aut temporibus sed ut aut.', 0, 0, '2001-01-22 03:28:31');
INSERT INTO `messages` (`from_user_id`, `to_user_id`, `body`, `important`, `delivered`, `created_at`) VALUES (82, 82, 'Tempore saepe voluptate sit consequatur autem. Quasi deserunt minima voluptate modi suscipit neque.', 1, 1, '1992-01-08 00:47:37');
INSERT INTO `messages` (`from_user_id`, `to_user_id`, `body`, `important`, `delivered`, `created_at`) VALUES (83, 83, 'Inventore officia quasi libero aut. Voluptatem et ad nobis distinctio atque est. Dolorem quia laborum quo voluptatem.', 1, 0, '2019-02-08 16:47:19');
INSERT INTO `messages` (`from_user_id`, `to_user_id`, `body`, `important`, `delivered`, `created_at`) VALUES (84, 84, 'Optio vitae nostrum necessitatibus exercitationem impedit qui. Et officiis fuga neque labore. Ipsum voluptatum quos enim sunt. Cum nesciunt doloremque voluptas eaque saepe et fuga deleniti.', 1, 0, '1971-02-10 11:49:36');
INSERT INTO `messages` (`from_user_id`, `to_user_id`, `body`, `important`, `delivered`, `created_at`) VALUES (85, 85, 'Officia ipsa sunt nostrum sint odit. Et qui quae dolorem est. Quia quo eum et distinctio tempora ex. Molestias aperiam tempore temporibus vel.', 1, 1, '2017-01-11 19:04:06');
INSERT INTO `messages` (`from_user_id`, `to_user_id`, `body`, `important`, `delivered`, `created_at`) VALUES (86, 86, 'Magni iusto vero ut similique ut et non. Nam harum et molestiae est repellat sequi. Dolorum quibusdam molestiae nisi nostrum. Ullam error soluta excepturi repellat quibusdam quos eveniet.', 1, 1, '1980-08-08 11:07:29');
INSERT INTO `messages` (`from_user_id`, `to_user_id`, `body`, `important`, `delivered`, `created_at`) VALUES (87, 87, 'Quidem qui rerum deleniti repellendus perferendis qui officia. Deserunt voluptas dignissimos soluta voluptas. Qui sequi impedit laboriosam.', 1, 1, '2008-08-31 18:46:24');
INSERT INTO `messages` (`from_user_id`, `to_user_id`, `body`, `important`, `delivered`, `created_at`) VALUES (88, 88, 'In voluptas ut ea quia. Ex vel nemo omnis voluptatem. Modi vitae tempore velit aliquid autem optio occaecati. Saepe fugit vero corrupti eaque explicabo.', 1, 1, '2004-07-07 11:44:22');
INSERT INTO `messages` (`from_user_id`, `to_user_id`, `body`, `important`, `delivered`, `created_at`) VALUES (89, 89, 'Debitis neque aspernatur magni necessitatibus odit architecto maxime. In qui ea sint omnis et harum qui. Beatae aut rerum eligendi distinctio eum autem.', 1, 1, '1986-03-23 16:09:05');
INSERT INTO `messages` (`from_user_id`, `to_user_id`, `body`, `important`, `delivered`, `created_at`) VALUES (90, 90, 'Occaecati ullam et et nisi labore tempora. Aut fugit id corporis commodi sapiente magni. Sunt ea iste a nulla dolores. Laborum voluptas quas non totam.', 0, 0, '1993-06-29 00:37:01');
INSERT INTO `messages` (`from_user_id`, `to_user_id`, `body`, `important`, `delivered`, `created_at`) VALUES (91, 91, 'Autem illum dolore et odit hic id. Enim ea sint adipisci suscipit accusantium. Et et enim excepturi voluptatem deserunt sint.', 1, 0, '1984-11-17 18:29:29');
INSERT INTO `messages` (`from_user_id`, `to_user_id`, `body`, `important`, `delivered`, `created_at`) VALUES (92, 92, 'Sint quibusdam dignissimos voluptatem magnam qui in ex. Vel quia excepturi quae enim molestiae atque et. Hic tenetur harum voluptas omnis. Deleniti facere deserunt voluptatibus enim.', 1, 0, '1991-02-22 12:07:40');
INSERT INTO `messages` (`from_user_id`, `to_user_id`, `body`, `important`, `delivered`, `created_at`) VALUES (93, 93, 'Laborum tempore et consequatur et tenetur. Aut cumque quaerat dolorum tempora impedit quia maiores ut. Molestias earum atque sed velit quisquam.', 1, 0, '2013-08-06 23:14:09');
INSERT INTO `messages` (`from_user_id`, `to_user_id`, `body`, `important`, `delivered`, `created_at`) VALUES (94, 94, 'Ratione dolore eum magni id aliquam dolores et veritatis. Dolorem sequi facilis non explicabo voluptates id voluptatum asperiores. Repellat ex et fugit illo quia eos ut.', 0, 1, '1996-06-10 10:31:08');
INSERT INTO `messages` (`from_user_id`, `to_user_id`, `body`, `important`, `delivered`, `created_at`) VALUES (95, 95, 'Molestiae omnis soluta aperiam rerum odit. Sunt sed ut unde tenetur eos.', 1, 1, '2007-03-23 01:27:37');
INSERT INTO `messages` (`from_user_id`, `to_user_id`, `body`, `important`, `delivered`, `created_at`) VALUES (96, 96, 'Optio illum eligendi cum blanditiis numquam quod quo. Quas nihil laboriosam libero repellendus facilis dolor. Deserunt laboriosam ipsam eum non nihil dolorum. Ullam sint ipsa corporis ipsam adipisci repellat ut.', 0, 0, '2014-02-12 07:47:09');
INSERT INTO `messages` (`from_user_id`, `to_user_id`, `body`, `important`, `delivered`, `created_at`) VALUES (97, 97, 'Sapiente quia quibusdam consequuntur. Vel ipsa doloribus ad. Quidem id ullam accusantium quo et. Neque aliquam perspiciatis molestiae ipsa.', 1, 1, '1998-12-12 02:00:56');
INSERT INTO `messages` (`from_user_id`, `to_user_id`, `body`, `important`, `delivered`, `created_at`) VALUES (98, 98, 'Eum deleniti autem nobis nihil a. Ut beatae aut est et adipisci et eos. Voluptas maiores quia et sed voluptatibus corporis. Maxime qui optio molestiae fugit sit totam.', 1, 0, '1995-11-06 11:47:56');
INSERT INTO `messages` (`from_user_id`, `to_user_id`, `body`, `important`, `delivered`, `created_at`) VALUES (99, 99, 'Amet et non quo earum aut sunt. Assumenda id qui tenetur ut. Ea culpa eius cupiditate cum voluptatem enim veritatis. Quaerat ut beatae quibusdam atque cumque doloribus.', 0, 1, '2013-10-18 21:40:29');
INSERT INTO `messages` (`from_user_id`, `to_user_id`, `body`, `important`, `delivered`, `created_at`) VALUES (100, 100, 'Magni sunt quisquam et provident molestiae aspernatur. Sint dolorum delectus unde rem.', 0, 0, '2002-07-17 03:36:26');


#
# TABLE STRUCTURE FOR: photo_albums
#

DROP TABLE IF EXISTS `photo_albums`;

CREATE TABLE `photo_albums` (
  `id` int(10) unsigned NOT NULL AUTO_INCREMENT,
  `name` varchar(255) COLLATE utf8_unicode_ci NOT NULL,
  `author` varchar(255) COLLATE utf8_unicode_ci NOT NULL,
  PRIMARY KEY (`id`)
) ENGINE=InnoDB AUTO_INCREMENT=21 DEFAULT CHARSET=utf8 COLLATE=utf8_unicode_ci;

INSERT INTO `photo_albums` (`id`, `name`, `author`) VALUES (1, 'sunt', '');
INSERT INTO `photo_albums` (`id`, `name`, `author`) VALUES (2, 'doloribus', '');
INSERT INTO `photo_albums` (`id`, `name`, `author`) VALUES (3, 'vero', '');
INSERT INTO `photo_albums` (`id`, `name`, `author`) VALUES (4, 'sit', '');
INSERT INTO `photo_albums` (`id`, `name`, `author`) VALUES (5, 'explicabo', '');
INSERT INTO `photo_albums` (`id`, `name`, `author`) VALUES (6, 'magni', '');
INSERT INTO `photo_albums` (`id`, `name`, `author`) VALUES (7, 'id', '');
INSERT INTO `photo_albums` (`id`, `name`, `author`) VALUES (8, 'omnis', '');
INSERT INTO `photo_albums` (`id`, `name`, `author`) VALUES (9, 'voluptas', '');
INSERT INTO `photo_albums` (`id`, `name`, `author`) VALUES (10, 'optio', '');
INSERT INTO `photo_albums` (`id`, `name`, `author`) VALUES (11, 'veniam', '');
INSERT INTO `photo_albums` (`id`, `name`, `author`) VALUES (12, 'magnam', '');
INSERT INTO `photo_albums` (`id`, `name`, `author`) VALUES (13, 'laboriosam', '');
INSERT INTO `photo_albums` (`id`, `name`, `author`) VALUES (14, 'aut', '');
INSERT INTO `photo_albums` (`id`, `name`, `author`) VALUES (15, 'maiores', '');
INSERT INTO `photo_albums` (`id`, `name`, `author`) VALUES (16, 'doloribus', '');
INSERT INTO `photo_albums` (`id`, `name`, `author`) VALUES (17, 'facere', '');
INSERT INTO `photo_albums` (`id`, `name`, `author`) VALUES (18, 'amet', '');
INSERT INTO `photo_albums` (`id`, `name`, `author`) VALUES (19, 'repellendus', '');
INSERT INTO `photo_albums` (`id`, `name`, `author`) VALUES (20, 'repellat', '');


#
# TABLE STRUCTURE FOR: profiles
#

DROP TABLE IF EXISTS `profiles`;

CREATE TABLE `profiles` (
  `user_id` int(10) unsigned NOT NULL,
  `sex` char(1) COLLATE utf8_unicode_ci NOT NULL,
  `birthday` date DEFAULT NULL,
  `hometown` varchar(100) COLLATE utf8_unicode_ci DEFAULT NULL,
  `photo_id` int(10) unsigned NOT NULL,
  PRIMARY KEY (`user_id`),
  KEY `profiles_photo_id_fk` (`photo_id`),
  CONSTRAINT `profiles_photo_id_fk` FOREIGN KEY (`photo_id`) REFERENCES `media` (`id`),
  CONSTRAINT `profiles_user_id_fk` FOREIGN KEY (`user_id`) REFERENCES `users` (`id`)
) ENGINE=InnoDB DEFAULT CHARSET=utf8 COLLATE=utf8_unicode_ci;

INSERT INTO `profiles` (`user_id`, `sex`, `birthday`, `hometown`, `photo_id`) VALUES (1, 'i', '1994-12-13', 'VonRuedenburgh', 1);
INSERT INTO `profiles` (`user_id`, `sex`, `birthday`, `hometown`, `photo_id`) VALUES (2, 'w', '1999-06-01', 'North Roel', 2);
INSERT INTO `profiles` (`user_id`, `sex`, `birthday`, `hometown`, `photo_id`) VALUES (3, 'g', '1993-07-26', 'Sipestown', 3);
INSERT INTO `profiles` (`user_id`, `sex`, `birthday`, `hometown`, `photo_id`) VALUES (4, 'r', '2016-11-09', 'Schadenland', 4);
INSERT INTO `profiles` (`user_id`, `sex`, `birthday`, `hometown`, `photo_id`) VALUES (5, 'x', '1992-02-14', 'West Bertton', 5);
INSERT INTO `profiles` (`user_id`, `sex`, `birthday`, `hometown`, `photo_id`) VALUES (6, 'u', '1994-10-31', 'Americaside', 6);
INSERT INTO `profiles` (`user_id`, `sex`, `birthday`, `hometown`, `photo_id`) VALUES (7, 'q', '1986-09-11', 'West Destiny', 7);
INSERT INTO `profiles` (`user_id`, `sex`, `birthday`, `hometown`, `photo_id`) VALUES (8, 'n', '1996-01-12', 'East Danika', 8);
INSERT INTO `profiles` (`user_id`, `sex`, `birthday`, `hometown`, `photo_id`) VALUES (9, 'i', '2019-07-02', 'Lake Quincy', 9);
INSERT INTO `profiles` (`user_id`, `sex`, `birthday`, `hometown`, `photo_id`) VALUES (10, 'v', '1977-01-29', 'Zulaview', 10);
INSERT INTO `profiles` (`user_id`, `sex`, `birthday`, `hometown`, `photo_id`) VALUES (11, 'r', '2012-02-15', 'Lubowitzfurt', 11);
INSERT INTO `profiles` (`user_id`, `sex`, `birthday`, `hometown`, `photo_id`) VALUES (12, 'z', '1999-04-19', 'West Tabitha', 12);
INSERT INTO `profiles` (`user_id`, `sex`, `birthday`, `hometown`, `photo_id`) VALUES (13, 'o', '2008-12-29', 'East Rudolph', 13);
INSERT INTO `profiles` (`user_id`, `sex`, `birthday`, `hometown`, `photo_id`) VALUES (14, 'v', '2010-04-21', 'East Krystel', 14);
INSERT INTO `profiles` (`user_id`, `sex`, `birthday`, `hometown`, `photo_id`) VALUES (15, 'l', '2010-09-11', 'Alessandroshire', 15);
INSERT INTO `profiles` (`user_id`, `sex`, `birthday`, `hometown`, `photo_id`) VALUES (16, 'w', '1979-04-26', 'Lake Brianaton', 16);
INSERT INTO `profiles` (`user_id`, `sex`, `birthday`, `hometown`, `photo_id`) VALUES (17, 'c', '1986-05-11', 'Strosinbury', 17);
INSERT INTO `profiles` (`user_id`, `sex`, `birthday`, `hometown`, `photo_id`) VALUES (18, 'h', '1990-05-30', 'Santinostad', 18);
INSERT INTO `profiles` (`user_id`, `sex`, `birthday`, `hometown`, `photo_id`) VALUES (19, 'z', '2002-06-19', 'West Gavinhaven', 19);
INSERT INTO `profiles` (`user_id`, `sex`, `birthday`, `hometown`, `photo_id`) VALUES (20, 'k', '2016-11-15', 'Zulaufland', 20);
INSERT INTO `profiles` (`user_id`, `sex`, `birthday`, `hometown`, `photo_id`) VALUES (21, 'w', '1992-05-18', 'Rahsaanstad', 21);
INSERT INTO `profiles` (`user_id`, `sex`, `birthday`, `hometown`, `photo_id`) VALUES (22, 't', '2014-05-27', 'Horaciomouth', 22);
INSERT INTO `profiles` (`user_id`, `sex`, `birthday`, `hometown`, `photo_id`) VALUES (23, 't', '2009-05-30', 'Lake Gaylord', 23);
INSERT INTO `profiles` (`user_id`, `sex`, `birthday`, `hometown`, `photo_id`) VALUES (24, 'p', '2008-01-10', 'Port Margarete', 24);
INSERT INTO `profiles` (`user_id`, `sex`, `birthday`, `hometown`, `photo_id`) VALUES (25, 'r', '2010-04-03', 'West Elnaburgh', 25);
INSERT INTO `profiles` (`user_id`, `sex`, `birthday`, `hometown`, `photo_id`) VALUES (26, 'e', '2005-08-27', 'East Taniafort', 26);
INSERT INTO `profiles` (`user_id`, `sex`, `birthday`, `hometown`, `photo_id`) VALUES (27, 'b', '1990-08-01', 'New Adonisborough', 27);
INSERT INTO `profiles` (`user_id`, `sex`, `birthday`, `hometown`, `photo_id`) VALUES (28, 'b', '1999-02-08', 'West Abdullah', 28);
INSERT INTO `profiles` (`user_id`, `sex`, `birthday`, `hometown`, `photo_id`) VALUES (29, 'f', '1998-03-14', 'Schaeferberg', 29);
INSERT INTO `profiles` (`user_id`, `sex`, `birthday`, `hometown`, `photo_id`) VALUES (30, 'o', '2010-06-23', 'East Maxland', 30);
INSERT INTO `profiles` (`user_id`, `sex`, `birthday`, `hometown`, `photo_id`) VALUES (31, 'f', '1989-08-21', 'East Alejandrinton', 31);
INSERT INTO `profiles` (`user_id`, `sex`, `birthday`, `hometown`, `photo_id`) VALUES (32, 'z', '1974-06-10', 'Altenwerthview', 32);
INSERT INTO `profiles` (`user_id`, `sex`, `birthday`, `hometown`, `photo_id`) VALUES (33, 'b', '1988-08-04', 'East Natashaland', 33);
INSERT INTO `profiles` (`user_id`, `sex`, `birthday`, `hometown`, `photo_id`) VALUES (34, 'l', '1978-03-22', 'Giovannihaven', 34);
INSERT INTO `profiles` (`user_id`, `sex`, `birthday`, `hometown`, `photo_id`) VALUES (35, 'p', '2001-07-26', 'Moenburgh', 35);
INSERT INTO `profiles` (`user_id`, `sex`, `birthday`, `hometown`, `photo_id`) VALUES (36, 'p', '1979-03-31', 'North Nasir', 36);
INSERT INTO `profiles` (`user_id`, `sex`, `birthday`, `hometown`, `photo_id`) VALUES (37, 'n', '1993-08-22', 'South Megane', 37);
INSERT INTO `profiles` (`user_id`, `sex`, `birthday`, `hometown`, `photo_id`) VALUES (38, 'j', '1999-05-14', 'West Ryann', 38);
INSERT INTO `profiles` (`user_id`, `sex`, `birthday`, `hometown`, `photo_id`) VALUES (39, 'l', '1978-04-10', 'West Antoniomouth', 39);
INSERT INTO `profiles` (`user_id`, `sex`, `birthday`, `hometown`, `photo_id`) VALUES (40, 'b', '2007-11-27', 'Port Joeyfort', 40);
INSERT INTO `profiles` (`user_id`, `sex`, `birthday`, `hometown`, `photo_id`) VALUES (41, 'u', '1999-01-31', 'Rhodaside', 41);
INSERT INTO `profiles` (`user_id`, `sex`, `birthday`, `hometown`, `photo_id`) VALUES (42, 'u', '2006-06-30', 'Cristinastad', 42);
INSERT INTO `profiles` (`user_id`, `sex`, `birthday`, `hometown`, `photo_id`) VALUES (43, 'o', '2006-04-23', 'New Mozell', 43);
INSERT INTO `profiles` (`user_id`, `sex`, `birthday`, `hometown`, `photo_id`) VALUES (44, 'z', '1999-04-13', 'Kerlukefort', 44);
INSERT INTO `profiles` (`user_id`, `sex`, `birthday`, `hometown`, `photo_id`) VALUES (45, 'u', '1974-04-19', 'Lake Felicity', 45);
INSERT INTO `profiles` (`user_id`, `sex`, `birthday`, `hometown`, `photo_id`) VALUES (46, 'x', '2006-07-30', 'New Marcellaside', 46);
INSERT INTO `profiles` (`user_id`, `sex`, `birthday`, `hometown`, `photo_id`) VALUES (47, 'g', '2012-03-14', 'Kassulketon', 47);
INSERT INTO `profiles` (`user_id`, `sex`, `birthday`, `hometown`, `photo_id`) VALUES (48, 'i', '1988-11-13', 'O\'Connellmouth', 48);
INSERT INTO `profiles` (`user_id`, `sex`, `birthday`, `hometown`, `photo_id`) VALUES (49, 'z', '2015-04-19', 'Alecborough', 49);
INSERT INTO `profiles` (`user_id`, `sex`, `birthday`, `hometown`, `photo_id`) VALUES (50, 'p', '2010-02-04', 'Mertzland', 50);
INSERT INTO `profiles` (`user_id`, `sex`, `birthday`, `hometown`, `photo_id`) VALUES (51, 'v', '2018-01-02', 'East Nora', 51);
INSERT INTO `profiles` (`user_id`, `sex`, `birthday`, `hometown`, `photo_id`) VALUES (52, 'o', '1991-09-01', 'Jaymouth', 52);
INSERT INTO `profiles` (`user_id`, `sex`, `birthday`, `hometown`, `photo_id`) VALUES (53, 'g', '1976-04-16', 'Laronfurt', 53);
INSERT INTO `profiles` (`user_id`, `sex`, `birthday`, `hometown`, `photo_id`) VALUES (54, 's', '1978-07-31', 'New Newell', 54);
INSERT INTO `profiles` (`user_id`, `sex`, `birthday`, `hometown`, `photo_id`) VALUES (55, 'l', '1971-02-27', 'East Malvina', 55);
INSERT INTO `profiles` (`user_id`, `sex`, `birthday`, `hometown`, `photo_id`) VALUES (56, 'x', '1976-06-04', 'North Samsonfurt', 56);
INSERT INTO `profiles` (`user_id`, `sex`, `birthday`, `hometown`, `photo_id`) VALUES (57, 'a', '1994-07-23', 'Kingchester', 57);
INSERT INTO `profiles` (`user_id`, `sex`, `birthday`, `hometown`, `photo_id`) VALUES (58, 'h', '2013-10-10', 'East Shanel', 58);
INSERT INTO `profiles` (`user_id`, `sex`, `birthday`, `hometown`, `photo_id`) VALUES (59, 'l', '1992-07-15', 'North Garnet', 59);
INSERT INTO `profiles` (`user_id`, `sex`, `birthday`, `hometown`, `photo_id`) VALUES (60, 'e', '1988-03-19', 'South Chrismouth', 60);
INSERT INTO `profiles` (`user_id`, `sex`, `birthday`, `hometown`, `photo_id`) VALUES (61, 'm', '1984-07-29', 'Port Ronland', 61);
INSERT INTO `profiles` (`user_id`, `sex`, `birthday`, `hometown`, `photo_id`) VALUES (62, 'o', '2002-07-29', 'Port Williamstad', 62);
INSERT INTO `profiles` (`user_id`, `sex`, `birthday`, `hometown`, `photo_id`) VALUES (63, 'm', '1974-07-22', 'New Thad', 63);
INSERT INTO `profiles` (`user_id`, `sex`, `birthday`, `hometown`, `photo_id`) VALUES (64, 'o', '1993-10-15', 'North Gregfurt', 64);
INSERT INTO `profiles` (`user_id`, `sex`, `birthday`, `hometown`, `photo_id`) VALUES (65, 's', '1983-07-16', 'Vedaberg', 65);
INSERT INTO `profiles` (`user_id`, `sex`, `birthday`, `hometown`, `photo_id`) VALUES (66, 'e', '2018-11-18', 'Lake Clint', 66);
INSERT INTO `profiles` (`user_id`, `sex`, `birthday`, `hometown`, `photo_id`) VALUES (67, 't', '2004-01-07', 'East Kole', 67);
INSERT INTO `profiles` (`user_id`, `sex`, `birthday`, `hometown`, `photo_id`) VALUES (68, 'i', '2006-08-03', 'South Pearlie', 68);
INSERT INTO `profiles` (`user_id`, `sex`, `birthday`, `hometown`, `photo_id`) VALUES (69, 'u', '1976-06-20', 'East Mayeshire', 69);
INSERT INTO `profiles` (`user_id`, `sex`, `birthday`, `hometown`, `photo_id`) VALUES (70, 'e', '1982-09-06', 'New Amelyborough', 70);
INSERT INTO `profiles` (`user_id`, `sex`, `birthday`, `hometown`, `photo_id`) VALUES (71, 'm', '2005-04-05', 'New Clementineshire', 71);
INSERT INTO `profiles` (`user_id`, `sex`, `birthday`, `hometown`, `photo_id`) VALUES (72, 'p', '1997-01-16', 'Mitchellberg', 72);
INSERT INTO `profiles` (`user_id`, `sex`, `birthday`, `hometown`, `photo_id`) VALUES (73, 'u', '1990-06-27', 'Lake Lorenzo', 73);
INSERT INTO `profiles` (`user_id`, `sex`, `birthday`, `hometown`, `photo_id`) VALUES (74, 'z', '1978-10-07', 'Willmsfort', 74);
INSERT INTO `profiles` (`user_id`, `sex`, `birthday`, `hometown`, `photo_id`) VALUES (75, 'v', '2018-01-31', 'Flatleyfurt', 75);
INSERT INTO `profiles` (`user_id`, `sex`, `birthday`, `hometown`, `photo_id`) VALUES (76, 'z', '1980-08-28', 'South Gerhard', 76);
INSERT INTO `profiles` (`user_id`, `sex`, `birthday`, `hometown`, `photo_id`) VALUES (77, 'w', '2004-03-28', 'New Esperanzaland', 77);
INSERT INTO `profiles` (`user_id`, `sex`, `birthday`, `hometown`, `photo_id`) VALUES (78, 'h', '1996-11-23', 'Walshland', 78);
INSERT INTO `profiles` (`user_id`, `sex`, `birthday`, `hometown`, `photo_id`) VALUES (79, 'b', '1993-08-15', 'Lake Cynthiashire', 79);
INSERT INTO `profiles` (`user_id`, `sex`, `birthday`, `hometown`, `photo_id`) VALUES (80, 'i', '2017-05-28', 'Daphneychester', 80);
INSERT INTO `profiles` (`user_id`, `sex`, `birthday`, `hometown`, `photo_id`) VALUES (81, 'c', '1990-06-16', 'Yundtborough', 81);
INSERT INTO `profiles` (`user_id`, `sex`, `birthday`, `hometown`, `photo_id`) VALUES (82, 'r', '1992-10-11', 'Arvidbury', 82);
INSERT INTO `profiles` (`user_id`, `sex`, `birthday`, `hometown`, `photo_id`) VALUES (83, 'f', '2011-07-08', 'New Madonna', 83);
INSERT INTO `profiles` (`user_id`, `sex`, `birthday`, `hometown`, `photo_id`) VALUES (84, 'c', '1988-05-06', 'New Enoschester', 84);
INSERT INTO `profiles` (`user_id`, `sex`, `birthday`, `hometown`, `photo_id`) VALUES (85, 'e', '2012-02-22', 'Estherborough', 85);
INSERT INTO `profiles` (`user_id`, `sex`, `birthday`, `hometown`, `photo_id`) VALUES (86, 'u', '1983-12-12', 'West Adell', 86);
INSERT INTO `profiles` (`user_id`, `sex`, `birthday`, `hometown`, `photo_id`) VALUES (87, 'm', '1998-08-22', 'Kiehnmouth', 87);
INSERT INTO `profiles` (`user_id`, `sex`, `birthday`, `hometown`, `photo_id`) VALUES (88, 'l', '1981-06-15', 'Yazminport', 88);
INSERT INTO `profiles` (`user_id`, `sex`, `birthday`, `hometown`, `photo_id`) VALUES (89, 'z', '2011-02-11', 'Bettyeton', 89);
INSERT INTO `profiles` (`user_id`, `sex`, `birthday`, `hometown`, `photo_id`) VALUES (90, 'k', '1993-10-17', 'West Giuseppe', 90);
INSERT INTO `profiles` (`user_id`, `sex`, `birthday`, `hometown`, `photo_id`) VALUES (91, 'p', '1991-10-06', 'Braunland', 91);
INSERT INTO `profiles` (`user_id`, `sex`, `birthday`, `hometown`, `photo_id`) VALUES (92, 'y', '1975-03-04', 'Casperton', 92);
INSERT INTO `profiles` (`user_id`, `sex`, `birthday`, `hometown`, `photo_id`) VALUES (93, 'k', '1995-01-22', 'Schneiderhaven', 93);
INSERT INTO `profiles` (`user_id`, `sex`, `birthday`, `hometown`, `photo_id`) VALUES (94, 'a', '1993-06-09', 'East Keenan', 94);
INSERT INTO `profiles` (`user_id`, `sex`, `birthday`, `hometown`, `photo_id`) VALUES (95, 'm', '2011-01-27', 'South Margret', 95);
INSERT INTO `profiles` (`user_id`, `sex`, `birthday`, `hometown`, `photo_id`) VALUES (96, 'x', '1978-08-25', 'Lake Janet', 96);
INSERT INTO `profiles` (`user_id`, `sex`, `birthday`, `hometown`, `photo_id`) VALUES (97, 'k', '2013-05-12', 'Port Armandoberg', 97);
INSERT INTO `profiles` (`user_id`, `sex`, `birthday`, `hometown`, `photo_id`) VALUES (98, 'a', '1998-09-26', 'South Kaylin', 98);
INSERT INTO `profiles` (`user_id`, `sex`, `birthday`, `hometown`, `photo_id`) VALUES (99, 'i', '2012-02-24', 'Pollichstad', 99);
INSERT INTO `profiles` (`user_id`, `sex`, `birthday`, `hometown`, `photo_id`) VALUES (100, 'u', '1981-08-17', 'South Caitlynton', 100);


#
# TABLE STRUCTURE FOR: subject_types
#

DROP TABLE IF EXISTS `subject_types`;

CREATE TABLE `subject_types` (
  `id` int(10) unsigned NOT NULL AUTO_INCREMENT,
  `name` varchar(255) COLLATE utf8_unicode_ci DEFAULT NULL,
  `created_at` datetime DEFAULT current_timestamp(),
  `updated_at` datetime DEFAULT current_timestamp() ON UPDATE current_timestamp(),
  PRIMARY KEY (`id`),
  UNIQUE KEY `name` (`name`)
) ENGINE=InnoDB AUTO_INCREMENT=6 DEFAULT CHARSET=utf8 COLLATE=utf8_unicode_ci;

INSERT INTO `subject_types` (`id`, `name`, `created_at`, `updated_at`) VALUES (1, 'magnam', '2010-09-04 10:15:58', '2017-11-16 15:20:57');
INSERT INTO `subject_types` (`id`, `name`, `created_at`, `updated_at`) VALUES (2, 'rerum', '2004-05-16 15:21:40', '1989-11-01 23:17:25');
INSERT INTO `subject_types` (`id`, `name`, `created_at`, `updated_at`) VALUES (3, 'debitis', '1994-08-11 23:39:52', '1994-10-18 01:34:05');
INSERT INTO `subject_types` (`id`, `name`, `created_at`, `updated_at`) VALUES (4, 'ut', '2005-07-13 12:00:03', '2000-10-15 00:31:59');
INSERT INTO `subject_types` (`id`, `name`, `created_at`, `updated_at`) VALUES (5, 'est', '2003-03-04 00:07:41', '1996-05-30 10:41:50');


#
# TABLE STRUCTURE FOR: users
#

DROP TABLE IF EXISTS `users`;

CREATE TABLE `users` (
  `id` int(10) unsigned NOT NULL AUTO_INCREMENT,
  `firstname` varchar(50) COLLATE utf8_unicode_ci NOT NULL,
  `lastname` varchar(50) COLLATE utf8_unicode_ci NOT NULL,
  `email` varchar(120) COLLATE utf8_unicode_ci NOT NULL,
  `created_at` datetime DEFAULT current_timestamp(),
  `updated_at` datetime DEFAULT current_timestamp() ON UPDATE current_timestamp(),
  PRIMARY KEY (`id`),
  UNIQUE KEY `email` (`email`),
  KEY `users_firstname_lastname_idx` (`firstname`,`lastname`),
  KEY `users_email_idx` (`email`)
) ENGINE=InnoDB AUTO_INCREMENT=101 DEFAULT CHARSET=utf8 COLLATE=utf8_unicode_ci;

INSERT INTO `users` (`id`, `firstname`, `lastname`, `email`, `created_at`, `updated_at`) VALUES (1, 'Morton', 'Abbott', 'dibbert.ona@example.net', '1980-03-25 06:22:27', '2009-01-14 12:15:21');
INSERT INTO `users` (`id`, `firstname`, `lastname`, `email`, `created_at`, `updated_at`) VALUES (2, 'Noelia', 'Gutkowski', 'veum.providenci@example.org', '1973-08-03 14:09:07', '2005-03-22 16:18:40');
INSERT INTO `users` (`id`, `firstname`, `lastname`, `email`, `created_at`, `updated_at`) VALUES (3, 'Jackson', 'Langworth', 'ernser.dayton@example.org', '1990-03-16 16:36:17', '1992-03-16 17:04:01');
INSERT INTO `users` (`id`, `firstname`, `lastname`, `email`, `created_at`, `updated_at`) VALUES (4, 'Garfield', 'Runolfsdottir', 'green.coty@example.com', '2014-12-11 23:16:11', '2004-01-16 21:09:46');
INSERT INTO `users` (`id`, `firstname`, `lastname`, `email`, `created_at`, `updated_at`) VALUES (5, 'Theo', 'Kautzer', 'mrunolfsdottir@example.com', '1995-08-25 08:39:35', '2017-02-22 17:07:31');
INSERT INTO `users` (`id`, `firstname`, `lastname`, `email`, `created_at`, `updated_at`) VALUES (6, 'Abagail', 'Swaniawski', 'lew66@example.net', '2014-01-05 01:03:01', '2003-11-14 12:57:26');
INSERT INTO `users` (`id`, `firstname`, `lastname`, `email`, `created_at`, `updated_at`) VALUES (7, 'Janiya', 'Rath', 'nova02@example.net', '1973-07-13 19:01:56', '1999-01-18 06:56:10');
INSERT INTO `users` (`id`, `firstname`, `lastname`, `email`, `created_at`, `updated_at`) VALUES (8, 'Jedediah', 'Kiehn', 'rohan.friedrich@example.net', '2013-06-07 01:35:19', '2001-04-11 02:40:08');
INSERT INTO `users` (`id`, `firstname`, `lastname`, `email`, `created_at`, `updated_at`) VALUES (9, 'Jasper', 'Schaefer', 'ansley.wintheiser@example.org', '2006-04-23 23:31:53', '2001-09-05 07:02:15');
INSERT INTO `users` (`id`, `firstname`, `lastname`, `email`, `created_at`, `updated_at`) VALUES (10, 'Gilberto', 'Kuhlman', 'hoppe.marge@example.net', '1995-01-31 20:32:22', '2006-09-24 22:05:58');
INSERT INTO `users` (`id`, `firstname`, `lastname`, `email`, `created_at`, `updated_at`) VALUES (11, 'Raquel', 'Williamson', 'tjohnson@example.net', '1980-01-21 13:20:46', '2014-08-05 10:51:14');
INSERT INTO `users` (`id`, `firstname`, `lastname`, `email`, `created_at`, `updated_at`) VALUES (12, 'Lucienne', 'McKenzie', 'yprosacco@example.com', '1997-04-08 11:07:52', '1974-01-28 21:18:05');
INSERT INTO `users` (`id`, `firstname`, `lastname`, `email`, `created_at`, `updated_at`) VALUES (13, 'Jacynthe', 'Kunze', 'leda71@example.org', '2013-05-23 18:07:03', '2004-09-26 01:50:24');
INSERT INTO `users` (`id`, `firstname`, `lastname`, `email`, `created_at`, `updated_at`) VALUES (14, 'Sigurd', 'Heller', 'destinee72@example.com', '2005-09-19 21:15:56', '1993-04-02 16:44:33');
INSERT INTO `users` (`id`, `firstname`, `lastname`, `email`, `created_at`, `updated_at`) VALUES (15, 'Janelle', 'Collins', 'cupton@example.net', '1989-02-17 01:25:19', '2006-03-24 05:10:59');
INSERT INTO `users` (`id`, `firstname`, `lastname`, `email`, `created_at`, `updated_at`) VALUES (16, 'Allan', 'Kling', 'hettinger.fabian@example.org', '1987-04-25 20:47:57', '1995-01-13 07:34:43');
INSERT INTO `users` (`id`, `firstname`, `lastname`, `email`, `created_at`, `updated_at`) VALUES (17, 'Noemie', 'Borer', 'xmurazik@example.net', '1975-03-18 20:56:41', '1974-08-13 12:30:57');
INSERT INTO `users` (`id`, `firstname`, `lastname`, `email`, `created_at`, `updated_at`) VALUES (18, 'Santina', 'Kautzer', 'damian.mcdermott@example.com', '1985-03-02 14:56:45', '2000-08-25 05:42:48');
INSERT INTO `users` (`id`, `firstname`, `lastname`, `email`, `created_at`, `updated_at`) VALUES (19, 'Kaylie', 'O\'Kon', 'cecile84@example.net', '2019-02-12 23:57:28', '2002-01-02 17:46:26');
INSERT INTO `users` (`id`, `firstname`, `lastname`, `email`, `created_at`, `updated_at`) VALUES (20, 'Sandy', 'Schneider', 'sipes.augustine@example.net', '1983-05-24 11:05:30', '1989-07-05 16:40:56');
INSERT INTO `users` (`id`, `firstname`, `lastname`, `email`, `created_at`, `updated_at`) VALUES (21, 'Van', 'Lowe', 'naomie.kihn@example.org', '2008-03-29 21:10:25', '1996-04-24 13:50:00');
INSERT INTO `users` (`id`, `firstname`, `lastname`, `email`, `created_at`, `updated_at`) VALUES (22, 'Lora', 'Pfeffer', 'hmitchell@example.org', '2014-02-17 00:55:34', '1995-08-24 01:25:55');
INSERT INTO `users` (`id`, `firstname`, `lastname`, `email`, `created_at`, `updated_at`) VALUES (23, 'Kristofer', 'Russel', 'travis83@example.org', '1976-11-21 07:06:51', '1996-04-09 08:28:29');
INSERT INTO `users` (`id`, `firstname`, `lastname`, `email`, `created_at`, `updated_at`) VALUES (24, 'Arnoldo', 'McCullough', 'spinka.ashlee@example.org', '1984-09-04 03:24:24', '1993-09-10 04:01:41');
INSERT INTO `users` (`id`, `firstname`, `lastname`, `email`, `created_at`, `updated_at`) VALUES (25, 'Dameon', 'Prosacco', 'green.morris@example.com', '2014-10-02 11:59:42', '1978-08-26 01:25:00');
INSERT INTO `users` (`id`, `firstname`, `lastname`, `email`, `created_at`, `updated_at`) VALUES (26, 'Camylle', 'Powlowski', 'elise.dietrich@example.com', '2015-08-02 20:18:49', '2016-12-25 12:43:58');
INSERT INTO `users` (`id`, `firstname`, `lastname`, `email`, `created_at`, `updated_at`) VALUES (27, 'Carolyne', 'Balistreri', 'zboyle@example.com', '1989-11-13 08:09:04', '1972-01-21 22:46:25');
INSERT INTO `users` (`id`, `firstname`, `lastname`, `email`, `created_at`, `updated_at`) VALUES (28, 'Maxwell', 'Huels', 'qbailey@example.org', '2005-06-16 13:08:07', '2011-08-26 01:45:20');
INSERT INTO `users` (`id`, `firstname`, `lastname`, `email`, `created_at`, `updated_at`) VALUES (29, 'Donna', 'Ward', 'paris90@example.net', '2003-01-10 03:06:59', '1982-07-24 20:18:37');
INSERT INTO `users` (`id`, `firstname`, `lastname`, `email`, `created_at`, `updated_at`) VALUES (30, 'Genevieve', 'Pacocha', 'johnny.tremblay@example.com', '2012-02-12 00:01:06', '1982-09-19 07:13:44');
INSERT INTO `users` (`id`, `firstname`, `lastname`, `email`, `created_at`, `updated_at`) VALUES (31, 'Neoma', 'Hahn', 'jhaag@example.org', '2010-05-22 20:49:35', '2005-05-07 09:48:03');
INSERT INTO `users` (`id`, `firstname`, `lastname`, `email`, `created_at`, `updated_at`) VALUES (32, 'Vivienne', 'O\'Reilly', 'joannie.rosenbaum@example.net', '1990-12-13 02:14:02', '2016-06-29 21:24:19');
INSERT INTO `users` (`id`, `firstname`, `lastname`, `email`, `created_at`, `updated_at`) VALUES (33, 'Miracle', 'O\'Reilly', 'morar.ahmed@example.org', '1981-08-15 13:23:25', '1996-07-10 20:08:53');
INSERT INTO `users` (`id`, `firstname`, `lastname`, `email`, `created_at`, `updated_at`) VALUES (34, 'Robbie', 'Bergnaum', 'daniel.wilfredo@example.net', '1987-02-03 06:22:01', '2013-05-26 07:12:22');
INSERT INTO `users` (`id`, `firstname`, `lastname`, `email`, `created_at`, `updated_at`) VALUES (35, 'Luis', 'Ruecker', 'tabitha.bashirian@example.com', '1989-11-07 14:25:41', '1990-06-17 18:46:41');
INSERT INTO `users` (`id`, `firstname`, `lastname`, `email`, `created_at`, `updated_at`) VALUES (36, 'Janis', 'Gottlieb', 'scruickshank@example.com', '1974-08-06 01:33:56', '1972-07-21 20:37:37');
INSERT INTO `users` (`id`, `firstname`, `lastname`, `email`, `created_at`, `updated_at`) VALUES (37, 'Aaron', 'Sauer', 'qo\'hara@example.net', '1996-11-25 10:56:15', '2009-11-08 04:40:44');
INSERT INTO `users` (`id`, `firstname`, `lastname`, `email`, `created_at`, `updated_at`) VALUES (38, 'Arlie', 'Cremin', 'kbruen@example.com', '2008-04-02 12:25:14', '1983-11-28 08:48:06');
INSERT INTO `users` (`id`, `firstname`, `lastname`, `email`, `created_at`, `updated_at`) VALUES (39, 'Jamil', 'Sawayn', 'edmond.pfannerstill@example.org', '2014-06-16 17:42:44', '2002-06-28 15:35:11');
INSERT INTO `users` (`id`, `firstname`, `lastname`, `email`, `created_at`, `updated_at`) VALUES (40, 'Trystan', 'Gulgowski', 'nellie44@example.net', '1993-08-17 11:44:37', '2003-01-26 04:58:43');
INSERT INTO `users` (`id`, `firstname`, `lastname`, `email`, `created_at`, `updated_at`) VALUES (41, 'Mittie', 'Bradtke', 'obradtke@example.com', '1975-08-25 03:32:56', '2017-12-19 15:48:21');
INSERT INTO `users` (`id`, `firstname`, `lastname`, `email`, `created_at`, `updated_at`) VALUES (42, 'Davonte', 'Streich', 'cole.iliana@example.com', '2004-03-12 22:25:14', '2005-05-27 04:00:05');
INSERT INTO `users` (`id`, `firstname`, `lastname`, `email`, `created_at`, `updated_at`) VALUES (43, 'Mallory', 'Feil', 'jgaylord@example.org', '1979-10-24 22:29:28', '2013-11-18 14:00:53');
INSERT INTO `users` (`id`, `firstname`, `lastname`, `email`, `created_at`, `updated_at`) VALUES (44, 'Kevon', 'Fahey', 'cshields@example.org', '1974-08-29 01:57:00', '1987-08-29 04:50:31');
INSERT INTO `users` (`id`, `firstname`, `lastname`, `email`, `created_at`, `updated_at`) VALUES (45, 'Adella', 'Lindgren', 'hschuppe@example.com', '2001-08-10 20:11:39', '1988-12-09 21:58:42');
INSERT INTO `users` (`id`, `firstname`, `lastname`, `email`, `created_at`, `updated_at`) VALUES (46, 'Vinnie', 'Strosin', 'willy13@example.com', '2003-11-09 04:55:35', '2009-07-29 02:53:47');
INSERT INTO `users` (`id`, `firstname`, `lastname`, `email`, `created_at`, `updated_at`) VALUES (47, 'Ursula', 'Buckridge', 'bschaefer@example.com', '2005-09-13 00:12:57', '1980-10-17 06:36:10');
INSERT INTO `users` (`id`, `firstname`, `lastname`, `email`, `created_at`, `updated_at`) VALUES (48, 'Daisha', 'Towne', 'shanie.ziemann@example.org', '2008-03-05 13:56:40', '2013-06-11 18:32:28');
INSERT INTO `users` (`id`, `firstname`, `lastname`, `email`, `created_at`, `updated_at`) VALUES (49, 'Ezequiel', 'Aufderhar', 'bailee12@example.com', '2007-07-29 02:46:41', '1991-09-26 17:26:09');
INSERT INTO `users` (`id`, `firstname`, `lastname`, `email`, `created_at`, `updated_at`) VALUES (50, 'Dalton', 'Bogisich', 'king.chelsie@example.org', '1973-08-26 06:31:55', '2010-09-26 04:03:00');
INSERT INTO `users` (`id`, `firstname`, `lastname`, `email`, `created_at`, `updated_at`) VALUES (51, 'Keara', 'Schumm', 'lisette35@example.net', '1978-12-13 16:53:53', '1971-12-17 10:44:17');
INSERT INTO `users` (`id`, `firstname`, `lastname`, `email`, `created_at`, `updated_at`) VALUES (52, 'Bertram', 'Brown', 'tmosciski@example.org', '1998-03-10 20:53:05', '2019-07-07 18:02:58');
INSERT INTO `users` (`id`, `firstname`, `lastname`, `email`, `created_at`, `updated_at`) VALUES (53, 'Isobel', 'Kuvalis', 'darrick37@example.com', '2000-05-16 01:17:03', '1997-02-23 06:04:00');
INSERT INTO `users` (`id`, `firstname`, `lastname`, `email`, `created_at`, `updated_at`) VALUES (54, 'Freddie', 'Blanda', 'nlockman@example.org', '1975-01-13 18:29:44', '2002-06-24 14:21:32');
INSERT INTO `users` (`id`, `firstname`, `lastname`, `email`, `created_at`, `updated_at`) VALUES (55, 'Onie', 'Moore', 'antonia12@example.net', '1971-02-04 19:00:09', '1992-08-16 00:29:42');
INSERT INTO `users` (`id`, `firstname`, `lastname`, `email`, `created_at`, `updated_at`) VALUES (56, 'Jesus', 'DuBuque', 'nschinner@example.net', '1999-02-18 14:26:27', '2011-01-24 11:42:44');
INSERT INTO `users` (`id`, `firstname`, `lastname`, `email`, `created_at`, `updated_at`) VALUES (57, 'Johann', 'Terry', 'trace50@example.com', '1971-02-18 22:32:50', '1993-11-25 13:58:37');
INSERT INTO `users` (`id`, `firstname`, `lastname`, `email`, `created_at`, `updated_at`) VALUES (58, 'Adah', 'Johns', 'titus07@example.org', '1983-12-29 18:31:52', '1974-03-18 09:26:25');
INSERT INTO `users` (`id`, `firstname`, `lastname`, `email`, `created_at`, `updated_at`) VALUES (59, 'Marques', 'Feeney', 'krystal.borer@example.net', '1989-11-16 14:02:19', '1971-07-04 15:10:28');
INSERT INTO `users` (`id`, `firstname`, `lastname`, `email`, `created_at`, `updated_at`) VALUES (60, 'Lacey', 'Stoltenberg', 'bschamberger@example.net', '2010-10-11 19:29:25', '1992-06-23 10:32:46');
INSERT INTO `users` (`id`, `firstname`, `lastname`, `email`, `created_at`, `updated_at`) VALUES (61, 'Joey', 'Harber', 'tyree22@example.org', '1986-08-20 13:01:03', '2019-06-19 12:28:15');
INSERT INTO `users` (`id`, `firstname`, `lastname`, `email`, `created_at`, `updated_at`) VALUES (62, 'Alexandra', 'Keebler', 'vlind@example.org', '2014-02-08 17:36:28', '2012-06-25 16:17:48');
INSERT INTO `users` (`id`, `firstname`, `lastname`, `email`, `created_at`, `updated_at`) VALUES (63, 'Kayley', 'Robel', 'igrimes@example.com', '2013-02-14 11:00:48', '1995-10-01 06:32:58');
INSERT INTO `users` (`id`, `firstname`, `lastname`, `email`, `created_at`, `updated_at`) VALUES (64, 'Michaela', 'Walker', 'jerde.christian@example.org', '1985-11-07 04:53:47', '1988-03-15 06:36:21');
INSERT INTO `users` (`id`, `firstname`, `lastname`, `email`, `created_at`, `updated_at`) VALUES (65, 'Kristin', 'White', 'jolie.welch@example.com', '1972-02-21 20:08:29', '2012-10-02 10:17:55');
INSERT INTO `users` (`id`, `firstname`, `lastname`, `email`, `created_at`, `updated_at`) VALUES (66, 'Dorris', 'Boyer', 'will.alyson@example.net', '1996-10-09 10:30:03', '1970-03-18 12:45:34');
INSERT INTO `users` (`id`, `firstname`, `lastname`, `email`, `created_at`, `updated_at`) VALUES (67, 'Birdie', 'Yost', 'xlubowitz@example.com', '1988-02-21 22:15:03', '1999-02-17 13:27:26');
INSERT INTO `users` (`id`, `firstname`, `lastname`, `email`, `created_at`, `updated_at`) VALUES (68, 'Benjamin', 'Powlowski', 'wruecker@example.com', '2008-07-27 09:55:50', '2004-03-28 00:20:09');
INSERT INTO `users` (`id`, `firstname`, `lastname`, `email`, `created_at`, `updated_at`) VALUES (69, 'Brenna', 'Jerde', 'xstanton@example.net', '2015-01-23 05:36:40', '1982-02-11 19:45:44');
INSERT INTO `users` (`id`, `firstname`, `lastname`, `email`, `created_at`, `updated_at`) VALUES (70, 'Estefania', 'Wisozk', 'molly91@example.org', '2003-07-31 07:09:00', '1986-03-18 06:53:30');
INSERT INTO `users` (`id`, `firstname`, `lastname`, `email`, `created_at`, `updated_at`) VALUES (71, 'Lula', 'Kuhlman', 'gdare@example.org', '2013-11-04 01:32:45', '1973-04-26 22:12:11');
INSERT INTO `users` (`id`, `firstname`, `lastname`, `email`, `created_at`, `updated_at`) VALUES (72, 'Milford', 'Moen', 'stokes.kevon@example.net', '1980-10-17 17:49:15', '1983-04-28 19:14:05');
INSERT INTO `users` (`id`, `firstname`, `lastname`, `email`, `created_at`, `updated_at`) VALUES (73, 'Beulah', 'Ondricka', 'adrianna29@example.org', '1988-12-05 18:52:12', '2003-10-02 10:16:15');
INSERT INTO `users` (`id`, `firstname`, `lastname`, `email`, `created_at`, `updated_at`) VALUES (74, 'Charlie', 'Schaefer', 'windler.filomena@example.org', '2001-10-07 03:31:40', '1989-06-13 08:17:33');
INSERT INTO `users` (`id`, `firstname`, `lastname`, `email`, `created_at`, `updated_at`) VALUES (75, 'Connor', 'Bayer', 'hauck.melyssa@example.com', '1990-12-08 06:36:45', '2015-09-02 14:53:24');
INSERT INTO `users` (`id`, `firstname`, `lastname`, `email`, `created_at`, `updated_at`) VALUES (76, 'Elyse', 'Wolff', 'elmer.koch@example.com', '2003-01-07 19:24:48', '2008-08-03 07:47:37');
INSERT INTO `users` (`id`, `firstname`, `lastname`, `email`, `created_at`, `updated_at`) VALUES (77, 'Bennett', 'Waelchi', 'zieme.sigurd@example.net', '2005-03-02 18:22:51', '1974-10-22 23:49:30');
INSERT INTO `users` (`id`, `firstname`, `lastname`, `email`, `created_at`, `updated_at`) VALUES (78, 'Maryam', 'Green', 'qwolf@example.com', '1999-06-04 21:39:39', '2008-01-11 03:09:14');
INSERT INTO `users` (`id`, `firstname`, `lastname`, `email`, `created_at`, `updated_at`) VALUES (79, 'Kiera', 'Upton', 'hettie73@example.com', '1987-10-25 05:20:56', '2009-01-06 03:03:51');
INSERT INTO `users` (`id`, `firstname`, `lastname`, `email`, `created_at`, `updated_at`) VALUES (80, 'Jerrold', 'Gutmann', 'estevan.kessler@example.com', '1991-01-18 23:17:47', '2004-09-06 11:00:53');
INSERT INTO `users` (`id`, `firstname`, `lastname`, `email`, `created_at`, `updated_at`) VALUES (81, 'Jeffry', 'Cole', 'mferry@example.com', '2013-05-08 07:32:41', '1978-10-24 12:31:21');
INSERT INTO `users` (`id`, `firstname`, `lastname`, `email`, `created_at`, `updated_at`) VALUES (82, 'Vallie', 'Upton', 'gottlieb.sylvan@example.org', '2018-04-08 09:17:13', '1998-03-13 19:03:35');
INSERT INTO `users` (`id`, `firstname`, `lastname`, `email`, `created_at`, `updated_at`) VALUES (83, 'Otis', 'Hansen', 'mitchell.emmett@example.org', '1981-10-16 10:54:01', '1981-04-23 08:22:26');
INSERT INTO `users` (`id`, `firstname`, `lastname`, `email`, `created_at`, `updated_at`) VALUES (84, 'Camryn', 'Kuhlman', 'xander34@example.org', '2002-03-20 21:09:46', '1986-01-18 02:35:28');
INSERT INTO `users` (`id`, `firstname`, `lastname`, `email`, `created_at`, `updated_at`) VALUES (85, 'Anabelle', 'Roob', 'marvin.louie@example.net', '2018-03-17 04:41:57', '2009-05-19 14:03:02');
INSERT INTO `users` (`id`, `firstname`, `lastname`, `email`, `created_at`, `updated_at`) VALUES (86, 'Ari', 'Harber', 'alexandra.stanton@example.com', '1997-01-19 02:14:37', '2011-12-09 20:03:32');
INSERT INTO `users` (`id`, `firstname`, `lastname`, `email`, `created_at`, `updated_at`) VALUES (87, 'Jarred', 'Jakubowski', 'jamel72@example.com', '1987-03-18 06:38:19', '1976-04-05 16:20:22');
INSERT INTO `users` (`id`, `firstname`, `lastname`, `email`, `created_at`, `updated_at`) VALUES (88, 'Julian', 'Frami', 'reynolds.retta@example.org', '2000-11-03 12:30:19', '2004-04-18 15:47:20');
INSERT INTO `users` (`id`, `firstname`, `lastname`, `email`, `created_at`, `updated_at`) VALUES (89, 'Jerel', 'Legros', 'iolson@example.com', '1977-12-07 07:19:59', '1998-10-13 22:58:01');
INSERT INTO `users` (`id`, `firstname`, `lastname`, `email`, `created_at`, `updated_at`) VALUES (90, 'Rene', 'Pfeffer', 'jacinto.heidenreich@example.org', '1993-07-13 20:36:54', '2016-08-03 01:53:37');
INSERT INTO `users` (`id`, `firstname`, `lastname`, `email`, `created_at`, `updated_at`) VALUES (91, 'Ivory', 'Cronin', 'goldner.lincoln@example.net', '1995-06-12 16:04:24', '1979-02-05 23:30:40');
INSERT INTO `users` (`id`, `firstname`, `lastname`, `email`, `created_at`, `updated_at`) VALUES (92, 'Francesco', 'Howe', 'beer.federico@example.com', '1971-05-29 22:20:34', '1971-09-30 06:56:30');
INSERT INTO `users` (`id`, `firstname`, `lastname`, `email`, `created_at`, `updated_at`) VALUES (93, 'Napoleon', 'Daniel', 'cicero.watsica@example.com', '2014-01-25 23:03:04', '1992-01-29 09:03:23');
INSERT INTO `users` (`id`, `firstname`, `lastname`, `email`, `created_at`, `updated_at`) VALUES (94, 'Reyes', 'Becker', 'gaetano.huel@example.com', '2019-04-06 15:41:30', '1998-08-19 13:43:31');
INSERT INTO `users` (`id`, `firstname`, `lastname`, `email`, `created_at`, `updated_at`) VALUES (95, 'Cecelia', 'Hagenes', 'block.delpha@example.net', '2000-10-31 05:27:41', '1998-05-19 22:10:42');
INSERT INTO `users` (`id`, `firstname`, `lastname`, `email`, `created_at`, `updated_at`) VALUES (96, 'Bella', 'Raynor', 'graynor@example.com', '1977-06-30 05:56:16', '1982-04-22 04:31:55');
INSERT INTO `users` (`id`, `firstname`, `lastname`, `email`, `created_at`, `updated_at`) VALUES (97, 'Ignacio', 'Greenholt', 'osatterfield@example.net', '1992-10-02 04:42:54', '1978-03-04 17:44:38');
INSERT INTO `users` (`id`, `firstname`, `lastname`, `email`, `created_at`, `updated_at`) VALUES (98, 'Alejandra', 'Medhurst', 'kemmer.cordelia@example.net', '2003-03-02 06:13:05', '1974-01-18 05:26:08');
INSERT INTO `users` (`id`, `firstname`, `lastname`, `email`, `created_at`, `updated_at`) VALUES (99, 'Camylle', 'Dare', 'ebert.carolyne@example.com', '1987-09-05 07:23:07', '1972-04-20 19:21:11');
INSERT INTO `users` (`id`, `firstname`, `lastname`, `email`, `created_at`, `updated_at`) VALUES (100, 'Emily', 'Brown', 'merl.carter@example.com', '2000-08-03 22:31:16', '1990-06-21 21:35:45');


